change_id,repo,agent,package,pinned_version,primary_label,accepted_by_variants
samstill/company_management_backend#1::requirements.txt::pillow::version_change,samstill/company_management_backend,copilot,pillow,12.2.0,P3_DIRECT_KNOWN_VULNERABILITY,B0_no_gate|B1_scanner_fail_open|B1b_scanner_fail_closed|S1_existence|S1S2_version
samstill/company_management_backend#1::requirements.txt::pyjwt::version_change,samstill/company_management_backend,copilot,PyJWT,2.12.0,P3_DIRECT_KNOWN_VULNERABILITY,B0_no_gate|S1_existence|S1S2_version
Azure/azureml-examples#4015::tutorials/get-started-notebooks/deploy/credit_defaults_model/requirements.txt::mlflow::version_change,Azure/azureml-examples,copilot,mlflow,1.26.1,P3_DIRECT_KNOWN_VULNERABILITY,B0_no_gate|S1_existence|S1S2_version
Azure/azureml-examples#4015::tutorials/get-started-notebooks/deploy/credit_defaults_model/requirements.txt::scipy::add,Azure/azureml-examples,copilot,scipy,1.9.3,P3_DIRECT_KNOWN_VULNERABILITY,B0_no_gate|S1_existence|S1S2_version
milandare26feb-ops/video-dubbing-ai#2::requirements.txt::torch::version_change,milandare26feb-ops/video-dubbing-ai,copilot,torch,2.6.0,P3_DIRECT_KNOWN_VULNERABILITY,B0_no_gate|S1_existence|S1S2_version
milandare26feb-ops/video-dubbing-ai#1::requirements.txt::torch::version_change,milandare26feb-ops/video-dubbing-ai,copilot,torch,2.6.0,P3_DIRECT_KNOWN_VULNERABILITY,B0_no_gate|S1_existence|S1S2_version
L-MARK/KG-VAQSystemOnMedical-master#1::requirements.txt::py2neo::add,L-MARK/KG-VAQSystemOnMedical-master,copilot,py2neo,2021.2.3,P2_INVALID_VERSION_SPEC,B0_no_gate|B1_scanner_fail_open|S1_existence
Wafheck/searchlight#2::requirements.txt::requests::add,Wafheck/searchlight,copilot,requests,2.31.0,P3_DIRECT_KNOWN_VULNERABILITY,B0_no_gate|S1_existence|S1S2_version|S1S2S3_direct_evidence|S1S2S3_plus_license|B3_full_guard
debjitttdasss/Ai-project#4::requirements.txt::flask::add,debjitttdasss/Ai-project,copilot,Flask,3.1.0,P3_DIRECT_KNOWN_VULNERABILITY,B0_no_gate|S1_existence|S1S2_version|S1S2S3_direct_evidence|S1S2S3_plus_license|B3_full_guard
HaibinFan/dermamnist-skin-lesion-classification#3::requirements.txt::torch::add,HaibinFan/dermamnist-skin-lesion-classification,copilot,torch,2.2.0,P3_DIRECT_KNOWN_VULNERABILITY,B0_no_gate|S1_existence|S1S2_version
HaibinFan/dermamnist-skin-lesion-classification#3::requirements.txt::scikit-learn::add,HaibinFan/dermamnist-skin-lesion-classification,copilot,scikit-learn,1.4.1,P2_INVALID_VERSION_SPEC,B0_no_gate|B1_scanner_fail_open|S1_existence
motanova84/Riemann-adelic#2748::requirements-lock.txt::pillow::version_change,motanova84/Riemann-adelic,copilot,pillow,12.1.1,P3_DIRECT_KNOWN_VULNERABILITY,B0_no_gate|S1_existence|S1S2_version|S1S2S3_direct_evidence|S1S2S3_plus_license|B3_full_guard
DevRexxxx/Music_Player#10::requirements.txt::django::add,DevRexxxx/Music_Player,copilot,Django,5.2.5,P3_DIRECT_KNOWN_VULNERABILITY,B0_no_gate|S1_existence|S1S2_version
DevRexxxx/Music_Player#10::requirements.txt::pillow::add,DevRexxxx/Music_Player,copilot,Pillow,10.4.0,P3_DIRECT_KNOWN_VULNERABILITY,B0_no_gate|S1_existence|S1S2_version|S1S2S3_direct_evidence|S1S2S3_plus_license|B3_full_guard
dotkaio/pose-tracking-3d#3::requirements.txt::torch::add,dotkaio/pose-tracking-3d,copilot,torch,2.6.0,P3_DIRECT_KNOWN_VULNERABILITY,B0_no_gate|S1_existence|S1S2_version
Dhanush-M-0/SmartBiz#1::requirements.txt::pyjwt::version_change,Dhanush-M-0/SmartBiz,copilot,PyJWT,2.8.0,P3_DIRECT_KNOWN_VULNERABILITY,B0_no_gate|S1_existence|S1S2_version
Har00ny/TechExcel-Integrating-Azure-PaaS-and-AI-Services-for-AI-Design-Wins#1::src/NameAgeApp/requirements.txt::streamlit::add,Har00ny/TechExcel-Integrating-Azure-PaaS-and-AI-Services-for-AI-Design-Wins,copilot,streamlit,1.45.1,P3_DIRECT_KNOWN_VULNERABILITY,B0_no_gate|S1_existence|S1S2_version|S1S2S3_direct_evidence|S1S2S3_plus_license|B3_full_guard
Inayat-0007/teamgenie-ai-PRIVATE-PATENT-2026#8::apps/api/requirements.lock.txt::cryptography::add,Inayat-0007/teamgenie-ai-PRIVATE-PATENT-2026,copilot,cryptography,46.0.7,P3_DIRECT_KNOWN_VULNERABILITY,B0_no_gate|B1_scanner_fail_open|B1b_scanner_fail_closed|S1_existence|S1S2_version
Inayat-0007/teamgenie-ai-PRIVATE-PATENT-2026#8::apps/api/requirements.lock.txt::pillow::add,Inayat-0007/teamgenie-ai-PRIVATE-PATENT-2026,copilot,pillow,12.2.0,P3_DIRECT_KNOWN_VULNERABILITY,B0_no_gate|B1_scanner_fail_open|B1b_scanner_fail_closed|S1_existence|S1S2_version
Inayat-0007/teamgenie-ai-PRIVATE-PATENT-2026#8::apps/api/requirements.lock.txt::torch::add,Inayat-0007/teamgenie-ai-PRIVATE-PATENT-2026,copilot,torch,2.11.0,P3_DIRECT_KNOWN_VULNERABILITY,B0_no_gate|S1_existence|S1S2_version|S1S2S3_direct_evidence|S1S2S3_plus_license|B3_full_guard
danielcallejass2025-boop/SIVIGILAV2#1::requirements.txt::streamlit::version_change,danielcallejass2025-boop/SIVIGILAV2,copilot,streamlit,1.40.2,P3_DIRECT_KNOWN_VULNERABILITY,B0_no_gate|S1_existence|S1S2_version|S1S2S3_direct_evidence|S1S2S3_plus_license|B3_full_guard
jigwemoh/scalper-saas#1::apps/ai-engine/requirements.txt::torch::version_change,jigwemoh/scalper-saas,copilot,torch,2.6.0,P3_DIRECT_KNOWN_VULNERABILITY,B0_no_gate|S1_existence|S1S2_version
jigwemoh/scalper-saas#1::requirements.txt::torch::add,jigwemoh/scalper-saas,copilot,torch,2.6.0,P3_DIRECT_KNOWN_VULNERABILITY,B0_no_gate|S1_existence|S1S2_version
fuyumiyahorou/RFdiffusion#1::env/SE3Transformer/requirements.txt::dgl::add,fuyumiyahorou/RFdiffusion,copilot,dgl,1.0.2,P2_INVALID_VERSION_SPEC,B0_no_gate|B1_scanner_fail_open|S1_existence
basavarajks/python-dsa-revision-2026#1::backend/requirements.txt::python-multipart::add,basavarajks/python-dsa-revision-2026,copilot,python-multipart,0.0.22,P3_DIRECT_KNOWN_VULNERABILITY,B0_no_gate|S1_existence|S1S2_version|S1S2S3_direct_evidence|S1S2S3_plus_license|B3_full_guard
Michael-me03/Demo-Dash#1::requirements.txt::streamlit::add,Michael-me03/Demo-Dash,copilot,streamlit,1.29.0,P3_DIRECT_KNOWN_VULNERABILITY,B0_no_gate|S1_existence|S1S2_version
Michael-me03/Demo-Dash#1::requirements.txt::pymongo::add,Michael-me03/Demo-Dash,copilot,pymongo,4.6.1,P3_DIRECT_KNOWN_VULNERABILITY,B0_no_gate|S1_existence|S1S2_version|S1S2S3_direct_evidence|S1S2S3_plus_license|B3_full_guard
Michael-me03/Demo-Dash#1::requirements.txt::requests::add,Michael-me03/Demo-Dash,copilot,requests,2.31.0,P3_DIRECT_KNOWN_VULNERABILITY,B0_no_gate|S1_existence|S1S2_version|S1S2S3_direct_evidence|S1S2S3_plus_license|B3_full_guard
LevelDownRefine/LiveCap#6::requirements.txt::flask::add,LevelDownRefine/LiveCap,copilot,flask,3.1.1,P3_DIRECT_KNOWN_VULNERABILITY,B0_no_gate|S1_existence|S1S2_version|S1S2S3_direct_evidence|S1S2S3_plus_license|B3_full_guard
gestaofundiaria/Gestao#1::requirements.txt::flask::add,gestaofundiaria/Gestao,copilot,Flask,3.0.3,P3_DIRECT_KNOWN_VULNERABILITY,B0_no_gate|S1_existence|S1S2_version|S1S2S3_direct_evidence|S1S2S3_plus_license|B3_full_guard
btygd543/Telegroub-#6::requirements.txt::aiohttp::add,btygd543/Telegroub-,copilot,aiohttp,3.13.3,P3_DIRECT_KNOWN_VULNERABILITY,B0_no_gate|S1_existence|S1S2_version|S1S2S3_direct_evidence|S1S2S3_plus_license|B3_full_guard
btygd543/Telegroub-#6::requirements.txt::pillow::add,btygd543/Telegroub-,copilot,pillow,12.1.1,P3_DIRECT_KNOWN_VULNERABILITY,B0_no_gate|S1_existence|S1S2_version|S1S2S3_direct_evidence|S1S2S3_plus_license|B3_full_guard
btygd543/Telegroub-#6::requirements.txt::requests::add,btygd543/Telegroub-,copilot,requests,2.32.4,P3_DIRECT_KNOWN_VULNERABILITY,B0_no_gate|S1_existence|S1S2_version|S1S2S3_direct_evidence|S1S2S3_plus_license|B3_full_guard
CSonTi04/azure-trust-agents#1::requirements.txt::werkzeug::version_change,CSonTi04/azure-trust-agents,copilot,Werkzeug,3.1.1,P3_DIRECT_KNOWN_VULNERABILITY,B0_no_gate|S1_existence|S1S2_version|S1S2S3_direct_evidence|S1S2S3_plus_license|B3_full_guard
jcorcione/vibe-digest#1::python/requirements.txt::markdownify::add,jcorcione/vibe-digest,copilot,markdownify,0.9.4,P3_DIRECT_KNOWN_VULNERABILITY,B0_no_gate|S1_existence|S1S2_version|S1S2S3_direct_evidence|S1S2S3_plus_license|B3_full_guard
jcorcione/vibe-digest#1::python/requirements.txt::requests::add,jcorcione/vibe-digest,copilot,requests,2.32.3,P3_DIRECT_KNOWN_VULNERABILITY,B0_no_gate|S1_existence|S1S2_version|S1S2S3_direct_evidence|S1S2S3_plus_license|B3_full_guard
jcorcione/vibe-digest#1::python/requirements.txt::python-dotenv::add,jcorcione/vibe-digest,copilot,python-dotenv,1.0.1,P3_DIRECT_KNOWN_VULNERABILITY,B0_no_gate|S1_existence|S1S2_version|S1S2S3_direct_evidence|S1S2S3_plus_license|B3_full_guard
jcorcione/vibe-digest#1::python/requirements.txt::pytest::add,jcorcione/vibe-digest,copilot,pytest,8.2.2,P3_DIRECT_KNOWN_VULNERABILITY,B0_no_gate|S1_existence|S1S2_version|S1S2S3_direct_evidence|S1S2S3_plus_license|B3_full_guard
ve-coder/Labor-25-26#2::requirements.txt::ursina::add,ve-coder/Labor-25-26,copilot,ursina,6.4.0,P2_INVALID_VERSION_SPEC,B0_no_gate|B1_scanner_fail_open|S1_existence
ve-coder/Labor-25-26#2::requirements.txt::picamera2::add,ve-coder/Labor-25-26,copilot,picamera2,0.3.20,P2_INVALID_VERSION_SPEC,B0_no_gate|B1_scanner_fail_open|S1_existence
AFROZ-CK/mahi-pdd#2::app/requirements.txt::python-dotenv::add,AFROZ-CK/mahi-pdd,copilot,python-dotenv,1.1.0,P3_DIRECT_KNOWN_VULNERABILITY,B0_no_gate|S1_existence|S1S2_version|S1S2S3_direct_evidence|S1S2S3_plus_license|B3_full_guard
Amartya2001-droid/campus-safety-hub#1::backend/requirements.txt::cryptography::add,Amartya2001-droid/campus-safety-hub,copilot,cryptography,46.0.5,P3_DIRECT_KNOWN_VULNERABILITY,B0_no_gate|S1_existence|S1S2_version
Amartya2001-droid/campus-safety-hub#1::backend/requirements.txt::emergentintegrations::add,Amartya2001-droid/campus-safety-hub,copilot,emergentintegrations,0.1.0,P1_NONEXISTENT_PACKAGE,B0_no_gate|B1_scanner_fail_open
Amartya2001-droid/campus-safety-hub#1::backend/requirements.txt::pillow::add,Amartya2001-droid/campus-safety-hub,copilot,pillow,12.1.1,P3_DIRECT_KNOWN_VULNERABILITY,B0_no_gate|S1_existence|S1S2_version|S1S2S3_direct_evidence|S1S2S3_plus_license|B3_full_guard
Amartya2001-droid/campus-safety-hub#1::backend/requirements.txt::pymongo::add,Amartya2001-droid/campus-safety-hub,copilot,pymongo,4.5.0,P3_DIRECT_KNOWN_VULNERABILITY,B0_no_gate|S1_existence|S1S2_version|S1S2S3_direct_evidence|S1S2S3_plus_license|B3_full_guard
Amartya2001-droid/campus-safety-hub#1::backend/requirements.txt::pytest::add,Amartya2001-droid/campus-safety-hub,copilot,pytest,9.0.2,P3_DIRECT_KNOWN_VULNERABILITY,B0_no_gate|S1_existence|S1S2_version|S1S2S3_direct_evidence|S1S2S3_plus_license|B3_full_guard
kafaat/sahool-unified-v15-idp#1427::apps/services/ai-advisor/requirements.txt::langchain-community::version_change,kafaat/sahool-unified-v15-idp,copilot,langchain-community,0.4.0,P2_INVALID_VERSION_SPEC,B0_no_gate|B1_scanner_fail_open|B1b_scanner_fail_closed|S1_existence|S1S2_version|S1S2S3_direct_evidence|S1S2S3_plus_license|B3_full_guard
sohamda/aks-store-demo#77::src/ai-service/requirements.txt::pillow::version_change,sohamda/aks-store-demo,copilot,pillow,12.2.0,P3_DIRECT_KNOWN_VULNERABILITY,B0_no_gate|B1_scanner_fail_open|B1b_scanner_fail_closed|S1_existence|S1S2_version
reciclaplus/reciclapp#104::fast_api/requirements.txt::cryptography::add,reciclaplus/reciclapp,copilot,cryptography,46.0.6,P3_DIRECT_KNOWN_VULNERABILITY,B0_no_gate|S1_existence|S1S2_version
Vaibhav-Magadum/Login-Page#1::requirements.txt::flask::add,Vaibhav-Magadum/Login-Page,copilot,Flask,3.1.1,P3_DIRECT_KNOWN_VULNERABILITY,B0_no_gate|S1_existence|S1S2_version|S1S2S3_direct_evidence|S1S2S3_plus_license|B3_full_guard
Vaibhav-Magadum/Login-Page#1::requirements.txt::pytest::add,Vaibhav-Magadum/Login-Page,copilot,pytest,8.3.5,P3_DIRECT_KNOWN_VULNERABILITY,B0_no_gate|S1_existence|S1S2_version|S1S2S3_direct_evidence|S1S2S3_plus_license|B3_full_guard
raghaviCJanaswamy/pygoat#2::requirements.txt::requests::version_change,raghaviCJanaswamy/pygoat,copilot,requests,2.31.0,P3_DIRECT_KNOWN_VULNERABILITY,B0_no_gate|S1_existence|S1S2_version|S1S2S3_direct_evidence|S1S2S3_plus_license|B3_full_guard
AK-roy-10/Building-App#1::backend/requirements.txt::python-jose::add,AK-roy-10/Building-App,copilot,python-jose,3.3.0,P3_DIRECT_KNOWN_VULNERABILITY,B0_no_gate|S1_existence|S1S2_version
AK-roy-10/Building-App#1::backend/requirements.txt::python-multipart::add,AK-roy-10/Building-App,copilot,python-multipart,0.0.12,P3_DIRECT_KNOWN_VULNERABILITY,B0_no_gate|S1_existence|S1S2_version
AK-roy-10/Building-App#1::backend/requirements.txt::jinja2::add,AK-roy-10/Building-App,copilot,jinja2,3.1.4,P3_DIRECT_KNOWN_VULNERABILITY,B0_no_gate|S1_existence|S1S2_version|S1S2S3_direct_evidence|S1S2S3_plus_license|B3_full_guard
AK-roy-10/Building-App#1::backend/requirements.txt::cryptography::add,AK-roy-10/Building-App,copilot,cryptography,43.0.1,P3_DIRECT_KNOWN_VULNERABILITY,B0_no_gate|S1_existence|S1S2_version
AK-roy-10/Building-App#1::backend/requirements.txt::python-dotenv::add,AK-roy-10/Building-App,copilot,python-dotenv,1.0.1,P3_DIRECT_KNOWN_VULNERABILITY,B0_no_gate|S1_existence|S1S2_version|S1S2S3_direct_evidence|S1S2S3_plus_license|B3_full_guard
AK-roy-10/Building-App#1::backend/requirements.txt::pytest::add,AK-roy-10/Building-App,copilot,pytest,8.3.3,P3_DIRECT_KNOWN_VULNERABILITY,B0_no_gate|S1_existence|S1S2_version|S1S2S3_direct_evidence|S1S2S3_plus_license|B3_full_guard
sawryaseth384-hub/options-dashboard#28::requirements.txt::requests::version_change,sawryaseth384-hub/options-dashboard,copilot,requests,2.32.3,P3_DIRECT_KNOWN_VULNERABILITY,B0_no_gate|S1_existence|S1S2_version|S1S2S3_direct_evidence|S1S2S3_plus_license|B3_full_guard
matt-the-ogre/tide-calendar-site#36::requirements.txt::werkzeug::version_change,matt-the-ogre/tide-calendar-site,copilot,Werkzeug,3.1.4,P2_INVALID_VERSION_SPEC,B0_no_gate|S1_existence
sonaiso/sanadcom#48::src/backend/requirements.txt::cryptography::version_change,sonaiso/sanadcom,copilot,cryptography,46.0.5,P3_DIRECT_KNOWN_VULNERABILITY,B0_no_gate|S1_existence|S1S2_version
Hakaya35/UrbanEV#1::requirements.txt::torch::add,Hakaya35/UrbanEV,copilot,torch,2.4.1,P3_DIRECT_KNOWN_VULNERABILITY,B0_no_gate|S1_existence|S1S2_version
xkx9431/multimodal-search#1::requirements.txt::pyspark::add,xkx9431/multimodal-search,copilot,pyspark,3.5.1,P3_DIRECT_KNOWN_VULNERABILITY,B0_no_gate|B1_scanner_fail_open|S1_existence|S1S2_version
Gurukiran-P16/FoodGuarddAi#1::requirements.txt::pillow::add,Gurukiran-P16/FoodGuarddAi,copilot,pillow,10.3.0,P3_DIRECT_KNOWN_VULNERABILITY,B0_no_gate|S1_existence|S1S2_version
Gurukiran-P16/FoodGuarddAi#1::requirements.txt::pytest::add,Gurukiran-P16/FoodGuarddAi,copilot,pytest,8.2.2,P3_DIRECT_KNOWN_VULNERABILITY,B0_no_gate|S1_existence|S1S2_version|S1S2S3_direct_evidence|S1S2S3_plus_license|B3_full_guard
RampantLions/AwsAppRunner#1::requirements.txt::flask::add,RampantLions/AwsAppRunner,copilot,flask,3.1.0,P3_DIRECT_KNOWN_VULNERABILITY,B0_no_gate|S1_existence|S1S2_version|S1S2S3_direct_evidence|S1S2S3_plus_license|B3_full_guard
diegosnchz/SpotifyWrapped#20::spotify_pipeline/requirements.txt::apache-airflow::version_change,diegosnchz/SpotifyWrapped,copilot,apache-airflow,3.2.0,P3_DIRECT_KNOWN_VULNERABILITY,B0_no_gate|B1_scanner_fail_open|S1_existence|S1S2_version
FmasterofU/minimal-uds-tester#1::requirements.txt::python-isotp::add,FmasterofU/minimal-uds-tester,copilot,python-isotp,,P1_NONEXISTENT_PACKAGE,B0_no_gate|B1_scanner_fail_open
will-rice/denoisers#55::requirements.txt::torch::version_change,will-rice/denoisers,copilot,torch,2.10.0,P3_DIRECT_KNOWN_VULNERABILITY,B0_no_gate|S1_existence|S1S2_version|S1S2S3_direct_evidence|S1S2S3_plus_license|B3_full_guard
will-rice/denoisers#55::requirements.txt::torchcodec::add,will-rice/denoisers,copilot,torchcodec,0.11.0,P2_INVALID_VERSION_SPEC,B0_no_gate|B1_scanner_fail_open|B1b_scanner_fail_closed|S1_existence
vkb1/oep-developer-guides#1::sample-apps/license-plate-recognition/requirements.txt::torch::add,vkb1/oep-developer-guides,copilot,torch,2.11.0,P3_DIRECT_KNOWN_VULNERABILITY,B0_no_gate|S1_existence|S1S2_version|S1S2S3_direct_evidence|S1S2S3_plus_license|B3_full_guard
vkb1/oep-developer-guides#1::sample-apps/license-plate-recognition/requirements.txt::ultralytics::add,vkb1/oep-developer-guides,copilot,ultralytics,8.4.29,P2_INVALID_VERSION_SPEC,B0_no_gate|S1_existence
vkb1/oep-developer-guides#1::sample-apps/license-plate-recognition/requirements.txt::pillow::add,vkb1/oep-developer-guides,copilot,Pillow,12.1.1,P3_DIRECT_KNOWN_VULNERABILITY,B0_no_gate|S1_existence|S1S2_version|S1S2S3_direct_evidence|S1S2S3_plus_license|B3_full_guard
vkb1/oep-developer-guides#1::sample-apps/license-plate-recognition/v1_sample_app/requirements.txt::torch::add,vkb1/oep-developer-guides,copilot,torch,2.11.0,P3_DIRECT_KNOWN_VULNERABILITY,B0_no_gate|S1_existence|S1S2_version|S1S2S3_direct_evidence|S1S2S3_plus_license|B3_full_guard
vkb1/oep-developer-guides#1::sample-apps/license-plate-recognition/v1_sample_app/requirements.txt::ultralytics::add,vkb1/oep-developer-guides,copilot,ultralytics,8.4.29,P2_INVALID_VERSION_SPEC,B0_no_gate|S1_existence
vkb1/oep-developer-guides#1::sample-apps/license-plate-recognition/v1_sample_app/requirements.txt::pillow::add,vkb1/oep-developer-guides,copilot,Pillow,12.1.1,P3_DIRECT_KNOWN_VULNERABILITY,B0_no_gate|S1_existence|S1S2_version|S1S2S3_direct_evidence|S1S2S3_plus_license|B3_full_guard
vkb1/oep-developer-guides#1::sample-apps/license-plate-recognition/v2_sample_app/requirements.txt::torch::add,vkb1/oep-developer-guides,copilot,torch,2.11.0,P3_DIRECT_KNOWN_VULNERABILITY,B0_no_gate|S1_existence|S1S2_version|S1S2S3_direct_evidence|S1S2S3_plus_license|B3_full_guard
vkb1/oep-developer-guides#1::sample-apps/license-plate-recognition/v2_sample_app/requirements.txt::ultralytics::add,vkb1/oep-developer-guides,copilot,ultralytics,8.4.29,P2_INVALID_VERSION_SPEC,B0_no_gate|S1_existence
vkb1/oep-developer-guides#1::sample-apps/license-plate-recognition/v2_sample_app/requirements.txt::pillow::add,vkb1/oep-developer-guides,copilot,Pillow,12.1.1,P3_DIRECT_KNOWN_VULNERABILITY,B0_no_gate|S1_existence|S1S2_version|S1S2S3_direct_evidence|S1S2S3_plus_license|B3_full_guard
vkb1/oep-developer-guides#1::sample-apps/license-plate-recognition/v3_sample_app/requirements.txt::pillow::add,vkb1/oep-developer-guides,copilot,Pillow,12.1.1,P3_DIRECT_KNOWN_VULNERABILITY,B0_no_gate|S1_existence|S1S2_version|S1S2S3_direct_evidence|S1S2S3_plus_license|B3_full_guard
jcorcione/vibe-digest#2::python/requirements.txt::markdown::add,jcorcione/vibe-digest,copilot,markdown,3.6,P3_DIRECT_KNOWN_VULNERABILITY,B0_no_gate|S1_existence|S1S2_version
sohamda/aks-store-demo#106::src/ai-service/requirements.txt::pillow::version_change,sohamda/aks-store-demo,copilot,pillow,12.2.0,P3_DIRECT_KNOWN_VULNERABILITY,B0_no_gate|B1_scanner_fail_open|B1b_scanner_fail_closed|S1_existence|S1S2_version
HarbyT/proyecto-gestion-cotizacion-huellas#2::backend/requirements.txt::django::add,HarbyT/proyecto-gestion-cotizacion-huellas,copilot,Django,5.1.3,P3_DIRECT_KNOWN_VULNERABILITY,B0_no_gate|S1_existence|S1S2_version
HarbyT/proyecto-gestion-cotizacion-huellas#2::backend/requirements.txt::pillow::add,HarbyT/proyecto-gestion-cotizacion-huellas,copilot,Pillow,10.1.0,P3_DIRECT_KNOWN_VULNERABILITY,B0_no_gate|S1_existence|S1S2_version
mrmahfoudhhaythem-lang/simple_chatbots#1::requirements.txt::transformers::add,mrmahfoudhhaythem-lang/simple_chatbots,copilot,transformers,4.41.2,P3_DIRECT_KNOWN_VULNERABILITY,B0_no_gate|S1_existence|S1S2_version
mrmahfoudhhaythem-lang/simple_chatbots#1::requirements.txt::torch::add,mrmahfoudhhaythem-lang/simple_chatbots,copilot,torch,2.2.2,P3_DIRECT_KNOWN_VULNERABILITY,B0_no_gate|S1_existence|S1S2_version
ahmedghabara90-byte/finale_asd2#1::api/requirements.txt::python-multipart::add,ahmedghabara90-byte/finale_asd2,copilot,python-multipart,0.0.22,P3_DIRECT_KNOWN_VULNERABILITY,B0_no_gate|S1_existence|S1S2_version|S1S2S3_direct_evidence|S1S2S3_plus_license|B3_full_guard
0ai-Cyberviser/oss-fuzz#71::infra/build/functions/requirements.txt::brotli::version_change,0ai-Cyberviser/oss-fuzz,copilot,Brotli,1.2.0,P3_DIRECT_KNOWN_VULNERABILITY,B0_no_gate|B1_scanner_fail_open|B1b_scanner_fail_closed|S1_existence|S1S2_version
CopilotLabs007/agentic-sdlc#7::demo/requirements.txt::flask::add,CopilotLabs007/agentic-sdlc,copilot,Flask,3.0.3,P3_DIRECT_KNOWN_VULNERABILITY,B0_no_gate|S1_existence|S1S2_version|S1S2S3_direct_evidence|S1S2S3_plus_license|B3_full_guard
CopilotLabs007/agentic-sdlc#7::demo/requirements.txt::pyjwt::add,CopilotLabs007/agentic-sdlc,copilot,PyJWT,2.8.0,P3_DIRECT_KNOWN_VULNERABILITY,B0_no_gate|S1_existence|S1S2_version
CopilotLabs007/agentic-sdlc#7::demo/requirements.txt::marshmallow::add,CopilotLabs007/agentic-sdlc,copilot,marshmallow,3.21.3,P3_DIRECT_KNOWN_VULNERABILITY,B0_no_gate|S1_existence|S1S2_version|S1S2S3_direct_evidence|S1S2S3_plus_license|B3_full_guard
CopilotLabs007/agentic-sdlc#7::demo/requirements.txt::pytest::add,CopilotLabs007/agentic-sdlc,copilot,pytest,8.2.2,P3_DIRECT_KNOWN_VULNERABILITY,B0_no_gate|S1_existence|S1S2_version|S1S2S3_direct_evidence|S1S2S3_plus_license|B3_full_guard
CopilotLabs007/agentic-sdlc#7::demo/requirements.txt::python-dotenv::add,CopilotLabs007/agentic-sdlc,copilot,python-dotenv,1.0.1,P3_DIRECT_KNOWN_VULNERABILITY,B0_no_gate|S1_existence|S1S2_version|S1S2S3_direct_evidence|S1S2S3_plus_license|B3_full_guard
ParanKafleUTS/FinalB#1::requirements.txt::python-multipart::add,ParanKafleUTS/FinalB,copilot,python-multipart,0.0.22,P3_DIRECT_KNOWN_VULNERABILITY,B0_no_gate|S1_existence|S1S2_version|S1S2S3_direct_evidence|S1S2S3_plus_license|B3_full_guard
ParanKafleUTS/FinalB#1::requirements.txt::pillow::add,ParanKafleUTS/FinalB,copilot,Pillow,12.2.0,P3_DIRECT_KNOWN_VULNERABILITY,B0_no_gate|B1_scanner_fail_open|B1b_scanner_fail_closed|S1_existence|S1S2_version
ParanKafleUTS/FinalB#1::requirements.txt::clearml::add,ParanKafleUTS/FinalB,copilot,clearml,1.16.2,P3_DIRECT_KNOWN_VULNERABILITY,B0_no_gate|S1_existence|S1S2_version|S1S2S3_direct_evidence|S1S2S3_plus_license|B3_full_guard
ParanKafleUTS/FinalB#1::requirements.txt::scikit-learn::add,ParanKafleUTS/FinalB,copilot,scikit-learn,1.4.2,P3_DIRECT_KNOWN_VULNERABILITY,B0_no_gate|S1_existence|S1S2_version
codekaa1ciu1/directgraph-engine#2::requirements.txt::jinja2::add,codekaa1ciu1/directgraph-engine,copilot,jinja2,3.1.4,P3_DIRECT_KNOWN_VULNERABILITY,B0_no_gate|S1_existence|S1S2_version|S1S2S3_direct_evidence|S1S2S3_plus_license|B3_full_guard
codekaa1ciu1/directgraph-engine#2::requirements.txt::pytest::add,codekaa1ciu1/directgraph-engine,copilot,pytest,8.3.3,P3_DIRECT_KNOWN_VULNERABILITY,B0_no_gate|S1_existence|S1S2_version|S1S2S3_direct_evidence|S1S2S3_plus_license|B3_full_guard
shawnzhou17/shawnzhou#1::backend/requirements.txt::pypdf2::add,shawnzhou17/shawnzhou,copilot,pypdf2,3.0.1,P3_DIRECT_KNOWN_VULNERABILITY,B0_no_gate|B1_scanner_fail_open|B1b_scanner_fail_closed|S1_existence|S1S2_version|S1S2S3_direct_evidence|S1S2S3_plus_license|B3_full_guard
shawnzhou17/shawnzhou#1::backend/requirements.txt::python-multipart::add,shawnzhou17/shawnzhou,copilot,python-multipart,0.0.22,P3_DIRECT_KNOWN_VULNERABILITY,B0_no_gate|S1_existence|S1S2_version|S1S2S3_direct_evidence|S1S2S3_plus_license|B3_full_guard
shawnzhou17/shawnzhou#1::backend/requirements.txt::python-dotenv::add,shawnzhou17/shawnzhou,copilot,python-dotenv,1.0.1,P3_DIRECT_KNOWN_VULNERABILITY,B0_no_gate|S1_existence|S1S2_version|S1S2S3_direct_evidence|S1S2S3_plus_license|B3_full_guard
harunraseed/Event_Flow_Project#4::requirements.txt::werkzeug::version_change,harunraseed/Event_Flow_Project,copilot,Werkzeug,3.0.3,P3_DIRECT_KNOWN_VULNERABILITY,B0_no_gate|S1_existence|S1S2_version|S1S2S3_direct_evidence|S1S2S3_plus_license|B3_full_guard
harunraseed/Event_Flow_Project#4::requirements.txt::requests::version_change,harunraseed/Event_Flow_Project,copilot,requests,2.31.0,P3_DIRECT_KNOWN_VULNERABILITY,B0_no_gate|S1_existence|S1S2_version|S1S2S3_direct_evidence|S1S2S3_plus_license|B3_full_guard
harunraseed/Event_Flow_Project#4::requirements.txt::pillow::add,harunraseed/Event_Flow_Project,copilot,Pillow,10.2.0,P3_DIRECT_KNOWN_VULNERABILITY,B0_no_gate|S1_existence|S1S2_version
Vijayapardhu/Prayanam#1::requirements-render.txt::requests::add,Vijayapardhu/Prayanam,copilot,requests,2.31.0,P3_DIRECT_KNOWN_VULNERABILITY,B0_no_gate|S1_existence|S1S2_version|S1S2S3_direct_evidence|S1S2S3_plus_license|B3_full_guard
Vijayapardhu/Prayanam#1::requirements.txt::requests::version_change,Vijayapardhu/Prayanam,copilot,requests,2.31.0,P3_DIRECT_KNOWN_VULNERABILITY,B0_no_gate|S1_existence|S1S2_version|S1S2S3_direct_evidence|S1S2S3_plus_license|B3_full_guard
DataHerb/dataherb-python#25::pyproject.toml::awscli::add,DataHerb/dataherb-python,copilot,awscli,1.33.42,P3_DIRECT_KNOWN_VULNERABILITY,B0_no_gate|S1_existence|S1S2_version|S1S2S3_direct_evidence|S1S2S3_plus_license|B3_full_guard
vancesteven/PlanetProfile#64::pyproject.toml::reaktoro::add,vancesteven/PlanetProfile,copilot,reaktoro,,P1_NONEXISTENT_PACKAGE,B0_no_gate|B1_scanner_fail_open
garyjyao1/langgraph-example#1::langgraph/pyproject.toml::langchain-openai::add,garyjyao1/langgraph-example,copilot,langchain-openai,1.1.12,P3_DIRECT_KNOWN_VULNERABILITY,B0_no_gate|S1_existence|S1S2_version|S1S2S3_direct_evidence|S1S2S3_plus_license|B3_full_guard
muka-dev/cosinnus-core#1::pyproject.toml::pillow::add,muka-dev/cosinnus-core,copilot,Pillow,10.3.0,P3_DIRECT_KNOWN_VULNERABILITY,B0_no_gate|S1_existence|S1S2_version|S1S2S3_direct_evidence|S1S2S3_plus_license|B3_full_guard
muka-dev/cosinnus-core#1::pyproject.toml::ecdsa::add,muka-dev/cosinnus-core,copilot,ecdsa,0.18.0,P3_DIRECT_KNOWN_VULNERABILITY,B0_no_gate|S1_existence|S1S2_version
muka-dev/cosinnus-core#1::pyproject.toml::paramiko::add,muka-dev/cosinnus-core,copilot,paramiko,2.11.0,P3_DIRECT_KNOWN_VULNERABILITY,B0_no_gate|S1_existence|S1S2_version|S1S2S3_direct_evidence
muka-dev/cosinnus-core#1::pyproject.toml::requests::add,muka-dev/cosinnus-core,copilot,requests,2.32.3,P3_DIRECT_KNOWN_VULNERABILITY,B0_no_gate|S1_existence|S1S2_version|S1S2S3_direct_evidence|S1S2S3_plus_license|B3_full_guard
muka-dev/cosinnus-core#1::pyproject.toml::sentry-sdk::add,muka-dev/cosinnus-core,copilot,sentry-sdk,1.4.2,P3_DIRECT_KNOWN_VULNERABILITY,B0_no_gate|S1_existence|S1S2_version
muka-dev/cosinnus-core#1::pyproject.toml::urllib3::add,muka-dev/cosinnus-core,copilot,urllib3,1.26.19,P3_DIRECT_KNOWN_VULNERABILITY,B0_no_gate|S1_existence|S1S2_version|S1S2S3_direct_evidence|S1S2S3_plus_license|B3_full_guard
muka-dev/cosinnus-core#1::pyproject.toml::unidecode::add,muka-dev/cosinnus-core,copilot,Unidecode,0.4.21,P2_INVALID_VERSION_SPEC,B0_no_gate|B1_scanner_fail_open|B1b_scanner_fail_closed|S1_existence|S1S2_version|S1S2S3_direct_evidence
djmahe4/notebooklm-py#1::pyproject.toml::ruff::version_change,djmahe4/notebooklm-py,copilot,ruff,0.15.14,P2_INVALID_VERSION_SPEC,B0_no_gate|B1_scanner_fail_open|B1b_scanner_fail_closed|S1_existence
sylocftu/hexapod#1::software/requirements.txt::python-multipart::add,sylocftu/hexapod,copilot,python-multipart,0.0.22,P3_DIRECT_KNOWN_VULNERABILITY,B0_no_gate|S1_existence|S1S2_version|S1S2S3_direct_evidence|S1S2S3_plus_license|B3_full_guard
sylocftu/hexapod#1::software/requirements.txt::pytest::add,sylocftu/hexapod,copilot,pytest,8.1.1,P3_DIRECT_KNOWN_VULNERABILITY,B0_no_gate|S1_existence|S1S2_version|S1S2S3_direct_evidence|S1S2S3_plus_license|B3_full_guard
sylocftu/hexapod#1::software/setup.py::python-multipart::add,sylocftu/hexapod,copilot,python-multipart,0.0.22,P3_DIRECT_KNOWN_VULNERABILITY,B0_no_gate|S1_existence|S1S2_version|S1S2S3_direct_evidence|S1S2S3_plus_license|B3_full_guard
sylocftu/hexapod#1::software/setup.py::pytest::add,sylocftu/hexapod,copilot,pytest,8.1.1,P3_DIRECT_KNOWN_VULNERABILITY,B0_no_gate|S1_existence|S1S2_version|S1S2S3_direct_evidence|S1S2S3_plus_license|B3_full_guard
DecawDevonn/open-claw#5::requirements.txt::pytest::version_change,DecawDevonn/open-claw,copilot,pytest,8.3.5,P3_DIRECT_KNOWN_VULNERABILITY,B0_no_gate|S1_existence|S1S2_version|S1S2S3_direct_evidence|S1S2S3_plus_license|B3_full_guard
DecawDevonn/open-claw#5::requirements.txt::requests::add,DecawDevonn/open-claw,copilot,requests,2.32.3,P3_DIRECT_KNOWN_VULNERABILITY,B0_no_gate|S1_existence|S1S2_version|S1S2S3_direct_evidence|S1S2S3_plus_license|B3_full_guard
DecawDevonn/open-claw#5::requirements.txt::aiohttp::add,DecawDevonn/open-claw,copilot,aiohttp,3.13.3,P3_DIRECT_KNOWN_VULNERABILITY,B0_no_gate|S1_existence|S1S2_version|S1S2S3_direct_evidence|S1S2S3_plus_license|B3_full_guard
muxeres/rag-llama3-multilingual#1::requirements.txt::pypdf::add,muxeres/rag-llama3-multilingual,copilot,pypdf,3.17.4,P3_DIRECT_KNOWN_VULNERABILITY,B0_no_gate|S1_existence|S1S2_version|S1S2S3_direct_evidence|S1S2S3_plus_license|B3_full_guard
muxeres/rag-llama3-multilingual#1::requirements.txt::transformers::add,muxeres/rag-llama3-multilingual,copilot,transformers,4.48.0,P3_DIRECT_KNOWN_VULNERABILITY,B0_no_gate|S1_existence|S1S2_version
muxeres/rag-llama3-multilingual#1::requirements.txt::torch::add,muxeres/rag-llama3-multilingual,copilot,torch,2.6.0,P3_DIRECT_KNOWN_VULNERABILITY,B0_no_gate|S1_existence|S1S2_version
muxeres/rag-llama3-multilingual#1::requirements.txt::streamlit::add,muxeres/rag-llama3-multilingual,copilot,streamlit,1.29.0,P3_DIRECT_KNOWN_VULNERABILITY,B0_no_gate|S1_existence|S1S2_version
muxeres/rag-llama3-multilingual#1::requirements.txt::pytest::add,muxeres/rag-llama3-multilingual,copilot,pytest,7.4.3,P3_DIRECT_KNOWN_VULNERABILITY,B0_no_gate|S1_existence|S1S2_version|S1S2S3_direct_evidence|S1S2S3_plus_license|B3_full_guard
muxeres/rag-llama3-multilingual#1::requirements.txt::black::add,muxeres/rag-llama3-multilingual,copilot,black,23.12.1,P3_DIRECT_KNOWN_VULNERABILITY,B0_no_gate|S1_existence|S1S2_version
financecommander/musical-fishstick#1::setup.py::tensorflow-lite::add,financecommander/musical-fishstick,copilot,tensorflow-lite,,P1_NONEXISTENT_PACKAGE,B0_no_gate|B1_scanner_fail_open
marctdt/outlookbot#1::requirements.txt::requests::add,marctdt/outlookbot,copilot,requests,2.31.0,P3_DIRECT_KNOWN_VULNERABILITY,B0_no_gate|S1_existence|S1S2_version|S1S2S3_direct_evidence|S1S2S3_plus_license|B3_full_guard
marctdt/outlookbot#1::requirements.txt::aiohttp::add,marctdt/outlookbot,copilot,aiohttp,3.9.1,P3_DIRECT_KNOWN_VULNERABILITY,B0_no_gate|S1_existence|S1S2_version
ashbornemethod/AshborneSDK_v1#1::requirements.txt::fastapi::add,ashbornemethod/AshborneSDK_v1,copilot,fastapi,0.104.1,P3_DIRECT_KNOWN_VULNERABILITY,B0_no_gate|S1_existence|S1S2_version
ashbornemethod/AshborneSDK_v1#1::requirements.txt::python-multipart::add,ashbornemethod/AshborneSDK_v1,copilot,python-multipart,0.0.6,P3_DIRECT_KNOWN_VULNERABILITY,B0_no_gate|S1_existence|S1S2_version
cpmcnamara/coursera#2::requirements.txt::pytest::add,cpmcnamara/coursera,copilot,pytest,7.4.3,P3_DIRECT_KNOWN_VULNERABILITY,B0_no_gate|S1_existence|S1S2_version|S1S2S3_direct_evidence|S1S2S3_plus_license|B3_full_guard
Inamulhassan-dev/cybershield-ultimate-soc#1::requirements.txt::scapy::version_change,Inamulhassan-dev/cybershield-ultimate-soc,copilot,scapy,2.6.1,P3_DIRECT_KNOWN_VULNERABILITY,B0_no_gate|S1_existence|S1S2_version|S1S2S3_direct_evidence
Toddni8022/Security-app#2::requirements.txt::flask::add,Toddni8022/Security-app,copilot,flask,3.1.0,P3_DIRECT_KNOWN_VULNERABILITY,B0_no_gate|S1_existence|S1S2_version|S1S2S3_direct_evidence|S1S2S3_plus_license|B3_full_guard
Toddni8022/Security-app#2::requirements.txt::pytest::add,Toddni8022/Security-app,copilot,pytest,8.3.5,P3_DIRECT_KNOWN_VULNERABILITY,B0_no_gate|S1_existence|S1S2_version|S1S2S3_direct_evidence|S1S2S3_plus_license|B3_full_guard
anushritadey05/fake-news-detection#1::requirements.txt::flask::add,anushritadey05/fake-news-detection,copilot,flask,2.3.3,P3_DIRECT_KNOWN_VULNERABILITY,B0_no_gate|S1_existence|S1S2_version|S1S2S3_direct_evidence|S1S2S3_plus_license|B3_full_guard
anushritadey05/fake-news-detection#1::requirements.txt::scikit-learn::add,anushritadey05/fake-news-detection,copilot,scikit-learn,1.3.0,P3_DIRECT_KNOWN_VULNERABILITY,B0_no_gate|S1_existence|S1S2_version
anushritadey05/fake-news-detection#1::requirements.txt::nltk::add,anushritadey05/fake-news-detection,copilot,nltk,3.8.1,P3_DIRECT_KNOWN_VULNERABILITY,B0_no_gate|S1_existence|S1S2_version
anushritadey05/fake-news-detection#1::requirements.txt::werkzeug::add,anushritadey05/fake-news-detection,copilot,Werkzeug,2.3.7,P3_DIRECT_KNOWN_VULNERABILITY,B0_no_gate|S1_existence|S1S2_version
anushritadey05/fake-news-detection#1::requirements.txt::pytest::add,anushritadey05/fake-news-detection,copilot,pytest,7.4.0,P3_DIRECT_KNOWN_VULNERABILITY,B0_no_gate|S1_existence|S1S2_version|S1S2S3_direct_evidence|S1S2S3_plus_license|B3_full_guard
Stacey77/rag7#58::requirements.txt::geometry-msgs::add,Stacey77/rag7,copilot,geometry_msgs,,P1_NONEXISTENT_PACKAGE,B0_no_gate|B1_scanner_fail_open
Stacey77/rag7#58::requirements.txt::sensor-msgs::add,Stacey77/rag7,copilot,sensor_msgs,,P1_NONEXISTENT_PACKAGE,B0_no_gate|B1_scanner_fail_open
Stacey77/rag7#58::requirements.txt::nav-msgs::add,Stacey77/rag7,copilot,nav_msgs,,P1_NONEXISTENT_PACKAGE,B0_no_gate|B1_scanner_fail_open
Stacey77/rag7#58::requirements.txt::action-msgs::add,Stacey77/rag7,copilot,action_msgs,,P1_NONEXISTENT_PACKAGE,B0_no_gate|B1_scanner_fail_open
Yaakovyitzchak1231/AI-Voice-Clone-with-Coqui-XTTS-v2#2::pyproject.toml::torch::add,Yaakovyitzchak1231/AI-Voice-Clone-with-Coqui-XTTS-v2,copilot,torch,2.1.0,P3_DIRECT_KNOWN_VULNERABILITY,B0_no_gate|S1_existence|S1S2_version
Yaakovyitzchak1231/AI-Voice-Clone-with-Coqui-XTTS-v2#2::requirements.txt::torch::add,Yaakovyitzchak1231/AI-Voice-Clone-with-Coqui-XTTS-v2,copilot,torch,2.1.0,P3_DIRECT_KNOWN_VULNERABILITY,B0_no_gate|S1_existence|S1S2_version
Yaakovyitzchak1231/AI-Voice-Clone-with-Coqui-XTTS-v2#2::requirements.txt::google-colab::add,Yaakovyitzchak1231/AI-Voice-Clone-with-Coqui-XTTS-v2,copilot,google-colab,,P1_NONEXISTENT_PACKAGE,B0_no_gate|B1_scanner_fail_open
Yaakovyitzchak1231/AI-Voice-Clone-with-Coqui-XTTS-v2#2::setup.py::torch::add,Yaakovyitzchak1231/AI-Voice-Clone-with-Coqui-XTTS-v2,copilot,torch,2.1.0,P3_DIRECT_KNOWN_VULNERABILITY,B0_no_gate|S1_existence|S1S2_version
ranjith-gampa/dragoncrawl#2::requirements-dev.txt::black::add,ranjith-gampa/dragoncrawl,copilot,black,23.11.0,P3_DIRECT_KNOWN_VULNERABILITY,B0_no_gate|S1_existence|S1S2_version
ranjith-gampa/dragoncrawl#2::requirements-dev.txt::safety::add,ranjith-gampa/dragoncrawl,copilot,safety,2.4.0,P2_INVALID_VERSION_SPEC,B0_no_gate|B1_scanner_fail_open|S1_existence
ranjith-gampa/dragoncrawl#2::requirements-dev.txt::notebook::add,ranjith-gampa/dragoncrawl,copilot,notebook,7.0.6,P3_DIRECT_KNOWN_VULNERABILITY,B0_no_gate|S1_existence|S1S2_version
ranjith-gampa/dragoncrawl#2::requirements.txt::torch::add,ranjith-gampa/dragoncrawl,copilot,torch,2.1.2,P3_DIRECT_KNOWN_VULNERABILITY,B0_no_gate|S1_existence|S1S2_version
ranjith-gampa/dragoncrawl#2::requirements.txt::transformers::add,ranjith-gampa/dragoncrawl,copilot,transformers,4.36.2,P3_DIRECT_KNOWN_VULNERABILITY,B0_no_gate|S1_existence|S1S2_version
ranjith-gampa/dragoncrawl#2::requirements.txt::fastapi::add,ranjith-gampa/dragoncrawl,copilot,fastapi,0.104.1,P3_DIRECT_KNOWN_VULNERABILITY,B0_no_gate|S1_existence|S1S2_version
ranjith-gampa/dragoncrawl#2::requirements.txt::pillow::add,ranjith-gampa/dragoncrawl,copilot,pillow,10.1.0,P3_DIRECT_KNOWN_VULNERABILITY,B0_no_gate|S1_existence|S1S2_version
devwithadi/AliceJobSeeker#2::requirements.txt::pypdf2::add,devwithadi/AliceJobSeeker,copilot,PyPDF2,3.0.1,P3_DIRECT_KNOWN_VULNERABILITY,B0_no_gate|B1_scanner_fail_open|B1b_scanner_fail_closed|S1_existence|S1S2_version|S1S2S3_direct_evidence|S1S2S3_plus_license|B3_full_guard
kadraman/codefence#5::examples/deps/python/pyproject-app/pyproject.toml::urllib3::add,kadraman/codefence,copilot,urllib3,1.26.4,P3_DIRECT_KNOWN_VULNERABILITY,B0_no_gate|S1_existence|S1S2_version
kadraman/codefence#5::examples/deps/python/requirements-app/requirements-dev.txt::pytest::add,kadraman/codefence,copilot,pytest,7.4.0,P3_DIRECT_KNOWN_VULNERABILITY,B0_no_gate|S1_existence|S1S2_version|S1S2S3_direct_evidence|S1S2S3_plus_license|B3_full_guard
kadraman/codefence#5::examples/deps/python/requirements-app/requirements.txt::django::add,kadraman/codefence,copilot,django,2.2.24,P3_DIRECT_KNOWN_VULNERABILITY,B0_no_gate|S1_existence|S1S2_version
kadraman/codefence#5::examples/deps/python/uv-app/pyproject.toml::urllib3::add,kadraman/codefence,copilot,urllib3,1.26.4,P3_DIRECT_KNOWN_VULNERABILITY,B0_no_gate|S1_existence|S1S2_version
mrx88/k8s-python-flask-api#7::requirements.txt::werkzeug::version_change,mrx88/k8s-python-flask-api,copilot,Werkzeug,2.3.7,P3_DIRECT_KNOWN_VULNERABILITY,B0_no_gate|S1_existence|S1S2_version
mrx88/k8s-python-flask-api#7::requirements.txt::jinja2::version_change,mrx88/k8s-python-flask-api,copilot,Jinja2,3.1.2,P3_DIRECT_KNOWN_VULNERABILITY,B0_no_gate|S1_existence|S1S2_version|S1S2S3_direct_evidence|S1S2S3_plus_license|B3_full_guard
wichmann/evreg#2::requirements.txt::requests::add,wichmann/evreg,copilot,requests,2.32.3,P3_DIRECT_KNOWN_VULNERABILITY,B0_no_gate|S1_existence|S1S2_version|S1S2S3_direct_evidence|S1S2S3_plus_license|B3_full_guard
wichmann/evreg#2::requirements.txt::urllib3::add,wichmann/evreg,copilot,urllib3,2.3.0,P3_DIRECT_KNOWN_VULNERABILITY,B0_no_gate|S1_existence|S1S2_version|S1S2S3_direct_evidence|S1S2S3_plus_license|B3_full_guard
aio-it/mmchatgpt#99::requirements.txt::brotli::version_change,aio-it/mmchatgpt,copilot,brotli,1.2.0,P3_DIRECT_KNOWN_VULNERABILITY,B0_no_gate|B1_scanner_fail_open|B1b_scanner_fail_closed|S1_existence|S1S2_version
aio-it/mmchatgpt#99::requirements.txt::pillow::version_change,aio-it/mmchatgpt,copilot,pillow,12.2.0,P3_DIRECT_KNOWN_VULNERABILITY,B0_no_gate|B1_scanner_fail_open|B1b_scanner_fail_closed|S1_existence|S1S2_version
aio-it/mmchatgpt#92::requirements.txt::pillow::version_change,aio-it/mmchatgpt,copilot,pillow,12.1.1,P3_DIRECT_KNOWN_VULNERABILITY,B0_no_gate|S1_existence|S1S2_version|S1S2S3_direct_evidence|S1S2S3_plus_license|B3_full_guard
Strategickhaos/Sovereignty-Architecture-Elevator-Pitch-#236::requirements.txt::aiohttp::add,Strategickhaos/Sovereignty-Architecture-Elevator-Pitch-,copilot,aiohttp,3.9.1,P3_DIRECT_KNOWN_VULNERABILITY,B0_no_gate|S1_existence|S1S2_version
Strategickhaos/Sovereignty-Architecture-Elevator-Pitch-#236::requirements.txt::cryptography::add,Strategickhaos/Sovereignty-Architecture-Elevator-Pitch-,copilot,cryptography,41.0.7,P3_DIRECT_KNOWN_VULNERABILITY,B0_no_gate|S1_existence|S1S2_version
Strategickhaos/Sovereignty-Architecture-Elevator-Pitch-#236::requirements.txt::pyjwt::add,Strategickhaos/Sovereignty-Architecture-Elevator-Pitch-,copilot,PyJWT,2.8.0,P3_DIRECT_KNOWN_VULNERABILITY,B0_no_gate|S1_existence|S1S2_version
Strategickhaos/Sovereignty-Architecture-Elevator-Pitch-#236::requirements.txt::requests::add,Strategickhaos/Sovereignty-Architecture-Elevator-Pitch-,copilot,requests,2.31.0,P3_DIRECT_KNOWN_VULNERABILITY,B0_no_gate|S1_existence|S1S2_version|S1S2S3_direct_evidence|S1S2S3_plus_license|B3_full_guard
Strategickhaos/Sovereignty-Architecture-Elevator-Pitch-#236::requirements.txt::qdrant-client::add,Strategickhaos/Sovereignty-Architecture-Elevator-Pitch-,copilot,qdrant-client,1.7.0,P3_DIRECT_KNOWN_VULNERABILITY,B0_no_gate|S1_existence|S1S2_version
Strategickhaos/Sovereignty-Architecture-Elevator-Pitch-#236::requirements.txt::black::add,Strategickhaos/Sovereignty-Architecture-Elevator-Pitch-,copilot,black,23.12.1,P3_DIRECT_KNOWN_VULNERABILITY,B0_no_gate|S1_existence|S1S2_version
ibrohim2911/LMS#1::requirements.txt::pillow::add,ibrohim2911/LMS,copilot,pillow,11.3.0,P3_DIRECT_KNOWN_VULNERABILITY,B0_no_gate|S1_existence|S1S2_version
dvir001/Simple-Contacts#4::pyproject.toml::requests::version_change,dvir001/Simple-Contacts,copilot,requests,2.31.0,P3_DIRECT_KNOWN_VULNERABILITY,B0_no_gate|S1_existence|S1S2_version|S1S2S3_direct_evidence|S1S2S3_plus_license|B3_full_guard
dvir001/Simple-Contacts#4::pyproject.toml::cryptography::add,dvir001/Simple-Contacts,copilot,cryptography,41.0.0,P3_DIRECT_KNOWN_VULNERABILITY,B0_no_gate|S1_existence|S1S2_version
dvir001/Simple-Contacts#4::requirements.txt::requests::version_change,dvir001/Simple-Contacts,copilot,requests,2.31.0,P3_DIRECT_KNOWN_VULNERABILITY,B0_no_gate|S1_existence|S1S2_version|S1S2S3_direct_evidence|S1S2S3_plus_license|B3_full_guard
dvir001/Simple-Contacts#4::requirements.txt::cryptography::add,dvir001/Simple-Contacts,copilot,cryptography,41.0.0,P3_DIRECT_KNOWN_VULNERABILITY,B0_no_gate|S1_existence|S1S2_version
Jibby-Games/Game-Server-Manager#18::requirements.txt::h11::version_change,Jibby-Games/Game-Server-Manager,copilot,h11,0.14.0,P3_DIRECT_KNOWN_VULNERABILITY,B0_no_gate|S1_existence|S1S2_version
Jibby-Games/Game-Server-Manager#18::requirements.txt::requests::version_change,Jibby-Games/Game-Server-Manager,copilot,requests,2.32.3,P3_DIRECT_KNOWN_VULNERABILITY,B0_no_gate|S1_existence|S1S2_version|S1S2S3_direct_evidence|S1S2S3_plus_license|B3_full_guard
Jibby-Games/Game-Server-Manager#18::requirements.txt::starlette::version_change,Jibby-Games/Game-Server-Manager,copilot,starlette,0.41.3,P3_DIRECT_KNOWN_VULNERABILITY,B0_no_gate|S1_existence|S1S2_version|S1S2S3_direct_evidence|S1S2S3_plus_license|B3_full_guard
Jibby-Games/Game-Server-Manager#18::requirements.txt::urllib3::version_change,Jibby-Games/Game-Server-Manager,copilot,urllib3,2.3.0,P3_DIRECT_KNOWN_VULNERABILITY,B0_no_gate|S1_existence|S1S2_version|S1S2S3_direct_evidence|S1S2S3_plus_license|B3_full_guard
Dootrix/ai-book-reader#5::backend/requirements.txt::fastapi::add,Dootrix/ai-book-reader,copilot,fastapi,0.104.1,P3_DIRECT_KNOWN_VULNERABILITY,B0_no_gate|S1_existence|S1S2_version
Dootrix/ai-book-reader#5::backend/requirements.txt::python-multipart::add,Dootrix/ai-book-reader,copilot,python-multipart,0.0.6,P3_DIRECT_KNOWN_VULNERABILITY,B0_no_gate|S1_existence|S1S2_version
CraigS2/SpeciesNet#13::requirements.txt::requests::add,CraigS2/SpeciesNet,copilot,requests,2.32.3,P3_DIRECT_KNOWN_VULNERABILITY,B0_no_gate|S1_existence|S1S2_version|S1S2S3_direct_evidence|S1S2S3_plus_license|B3_full_guard
Ranveersingh1113/Bharat-Biz-Agent#3::backend/requirements.txt::starlette::version_change,Ranveersingh1113/Bharat-Biz-Agent,copilot,starlette,0.37.2,P3_DIRECT_KNOWN_VULNERABILITY,B0_no_gate|S1_existence|S1S2_version
Ranveersingh1113/Bharat-Biz-Agent#3::backend/requirements.txt::pymongo::version_change,Ranveersingh1113/Bharat-Biz-Agent,copilot,pymongo,4.5.0,P3_DIRECT_KNOWN_VULNERABILITY,B0_no_gate|S1_existence|S1S2_version|S1S2S3_direct_evidence|S1S2S3_plus_license|B3_full_guard
Ranveersingh1113/Bharat-Biz-Agent#3::backend/requirements.txt::cryptography::version_change,Ranveersingh1113/Bharat-Biz-Agent,copilot,cryptography,46.0.4,P3_DIRECT_KNOWN_VULNERABILITY,B0_no_gate|S1_existence|S1S2_version
Ranveersingh1113/Bharat-Biz-Agent#3::requirements.txt::starlette::version_change,Ranveersingh1113/Bharat-Biz-Agent,copilot,starlette,0.37.2,P3_DIRECT_KNOWN_VULNERABILITY,B0_no_gate|S1_existence|S1S2_version
Ranveersingh1113/Bharat-Biz-Agent#3::requirements.txt::pymongo::version_change,Ranveersingh1113/Bharat-Biz-Agent,copilot,pymongo,4.5.0,P3_DIRECT_KNOWN_VULNERABILITY,B0_no_gate|S1_existence|S1S2_version|S1S2S3_direct_evidence|S1S2S3_plus_license|B3_full_guard
Ranveersingh1113/Bharat-Biz-Agent#3::requirements.txt::cryptography::version_change,Ranveersingh1113/Bharat-Biz-Agent,copilot,cryptography,46.0.4,P3_DIRECT_KNOWN_VULNERABILITY,B0_no_gate|S1_existence|S1S2_version
NPGrant81/fantasy-football-pi#71::backend/requirements.txt::jinja2::add,NPGrant81/fantasy-football-pi,copilot,Jinja2,3.1.2,P3_DIRECT_KNOWN_VULNERABILITY,B0_no_gate|S1_existence|S1S2_version|S1S2S3_direct_evidence|S1S2S3_plus_license|B3_full_guard
AlexDeMichieli/Quartz#48::requirements.txt::django::version_change,AlexDeMichieli/Quartz,copilot,Django,3.1.13,P3_DIRECT_KNOWN_VULNERABILITY,B0_no_gate|S1_existence|S1S2_version
AlexDeMichieli/Quartz#48::requirements.txt::pillow::version_change,AlexDeMichieli/Quartz,copilot,Pillow,10.2.0,P3_DIRECT_KNOWN_VULNERABILITY,B0_no_gate|S1_existence|S1S2_version
mirest/collector#24::requirements.txt::django::version_change,mirest/collector,copilot,Django,4.2.16,P3_DIRECT_KNOWN_VULNERABILITY,B0_no_gate|S1_existence|S1S2_version
mirest/collector#24::requirements.txt::djangorestframework::version_change,mirest/collector,copilot,djangorestframework,3.14.0,P3_DIRECT_KNOWN_VULNERABILITY,B0_no_gate|S1_existence|S1S2_version|S1S2S3_direct_evidence|S1S2S3_plus_license|B3_full_guard
mirest/collector#24::requirements.txt::gunicorn::version_change,mirest/collector,copilot,gunicorn,21.2.0,P3_DIRECT_KNOWN_VULNERABILITY,B0_no_gate|S1_existence|S1S2_version
mirest/collector#24::requirements.txt::pyjwt::version_change,mirest/collector,copilot,PyJWT,2.8.0,P3_DIRECT_KNOWN_VULNERABILITY,B0_no_gate|S1_existence|S1S2_version
mirest/collector#24::requirements.txt::social-auth-app-django::version_change,mirest/collector,copilot,social-auth-app-django,5.4.0,P3_DIRECT_KNOWN_VULNERABILITY,B0_no_gate|S1_existence|S1S2_version|S1S2S3_direct_evidence|S1S2S3_plus_license|B3_full_guard
scottBowles/dnd#19::requirements.txt::pillow::version_change,scottBowles/dnd,copilot,Pillow,11.2.1,P3_DIRECT_KNOWN_VULNERABILITY,B0_no_gate|S1_existence|S1S2_version
wildhash/telnyx-patient-intake-agent#1::requirements.txt::flask-cors::add,wildhash/telnyx-patient-intake-agent,copilot,flask-cors,4.0.0,P3_DIRECT_KNOWN_VULNERABILITY,B0_no_gate|S1_existence|S1S2_version
wildhash/telnyx-patient-intake-agent#1::requirements.txt::requests::add,wildhash/telnyx-patient-intake-agent,copilot,requests,2.31.0,P3_DIRECT_KNOWN_VULNERABILITY,B0_no_gate|S1_existence|S1S2_version|S1S2S3_direct_evidence|S1S2S3_plus_license|B3_full_guard
wildhash/telnyx-patient-intake-agent#1::requirements.txt::gunicorn::add,wildhash/telnyx-patient-intake-agent,copilot,gunicorn,21.2.0,P3_DIRECT_KNOWN_VULNERABILITY,B0_no_gate|S1_existence|S1S2_version
wildhash/telnyx-patient-intake-agent#1::requirements.txt::aiohttp::add,wildhash/telnyx-patient-intake-agent,copilot,aiohttp,3.9.1,P3_DIRECT_KNOWN_VULNERABILITY,B0_no_gate|S1_existence|S1S2_version
NigelWilliamUOP/Systems-Policy-and-Practice#2::requirements.txt::pyjwt::add,NigelWilliamUOP/Systems-Policy-and-Practice,devin,PyJWT,2.9.0,P3_DIRECT_KNOWN_VULNERABILITY,B0_no_gate|S1_existence|S1S2_version
NigelWilliamUOP/Systems-Policy-and-Practice#2::requirements.txt::starlette::version_change,NigelWilliamUOP/Systems-Policy-and-Practice,devin,starlette,0.41.3,P3_DIRECT_KNOWN_VULNERABILITY,B0_no_gate|S1_existence|S1S2_version
Cognition-Partner-Workshops-mirror/ts-python-abinitio-etl-framework#16::langchain-agentic-ai-sample/requirements.txt::langchain::add,Cognition-Partner-Workshops-mirror/ts-python-abinitio-etl-framework,devin,langchain,0.3.25,P3_DIRECT_KNOWN_VULNERABILITY,B0_no_gate|S1_existence|S1S2_version
Cognition-Partner-Workshops-mirror/ts-python-abinitio-etl-framework#16::langchain-agentic-ai-sample/requirements.txt::langchain-openai::add,Cognition-Partner-Workshops-mirror/ts-python-abinitio-etl-framework,devin,langchain-openai,0.3.18,P3_DIRECT_KNOWN_VULNERABILITY,B0_no_gate|S1_existence|S1S2_version
Cognition-Partner-Workshops-mirror/ts-python-abinitio-etl-framework#16::langchain-agentic-ai-sample/requirements.txt::langchain-community::add,Cognition-Partner-Workshops-mirror/ts-python-abinitio-etl-framework,devin,langchain-community,0.3.24,P3_DIRECT_KNOWN_VULNERABILITY,B0_no_gate|S1_existence|S1S2_version
Cognition-Partner-Workshops-mirror/ts-python-abinitio-etl-framework#16::langchain-agentic-ai-sample/requirements.txt::streamlit::add,Cognition-Partner-Workshops-mirror/ts-python-abinitio-etl-framework,devin,streamlit,1.45.1,P3_DIRECT_KNOWN_VULNERABILITY,B0_no_gate|S1_existence|S1S2_version|S1S2S3_direct_evidence|S1S2S3_plus_license|B3_full_guard
Cognition-Partner-Workshops-mirror/ts-python-abinitio-etl-framework#16::langchain-agentic-ai-sample/requirements.txt::python-dotenv::add,Cognition-Partner-Workshops-mirror/ts-python-abinitio-etl-framework,devin,python-dotenv,1.1.0,P3_DIRECT_KNOWN_VULNERABILITY,B0_no_gate|S1_existence|S1S2_version|S1S2S3_direct_evidence|S1S2S3_plus_license|B3_full_guard
vaishnavigar/Traffic-Detection-Model#2::requirements.txt::imgaug::add,vaishnavigar/Traffic-Detection-Model,devin,imgaug,0.4.0,P3_DIRECT_KNOWN_VULNERABILITY,B0_no_gate|S1_existence|S1S2_version
Cognition-Partner-Workshops-mirror/ts-python-abinitio-etl-framework#17::langgraph-agentic-ai-sample/requirements.txt::langgraph::add,Cognition-Partner-Workshops-mirror/ts-python-abinitio-etl-framework,devin,langgraph,0.4.1,P3_DIRECT_KNOWN_VULNERABILITY,B0_no_gate|S1_existence|S1S2_version
Cognition-Partner-Workshops-mirror/ts-python-abinitio-etl-framework#17::langgraph-agentic-ai-sample/requirements.txt::langchain::add,Cognition-Partner-Workshops-mirror/ts-python-abinitio-etl-framework,devin,langchain,0.3.25,P3_DIRECT_KNOWN_VULNERABILITY,B0_no_gate|S1_existence|S1S2_version
Cognition-Partner-Workshops-mirror/ts-python-abinitio-etl-framework#17::langgraph-agentic-ai-sample/requirements.txt::langchain-openai::add,Cognition-Partner-Workshops-mirror/ts-python-abinitio-etl-framework,devin,langchain-openai,0.3.18,P3_DIRECT_KNOWN_VULNERABILITY,B0_no_gate|S1_existence|S1S2_version
Cognition-Partner-Workshops-mirror/ts-python-abinitio-etl-framework#17::langgraph-agentic-ai-sample/requirements.txt::streamlit::add,Cognition-Partner-Workshops-mirror/ts-python-abinitio-etl-framework,devin,streamlit,1.45.1,P3_DIRECT_KNOWN_VULNERABILITY,B0_no_gate|S1_existence|S1S2_version|S1S2S3_direct_evidence|S1S2S3_plus_license|B3_full_guard
Cognition-Partner-Workshops-mirror/ts-python-abinitio-etl-framework#17::langgraph-agentic-ai-sample/requirements.txt::python-dotenv::add,Cognition-Partner-Workshops-mirror/ts-python-abinitio-etl-framework,devin,python-dotenv,1.1.0,P3_DIRECT_KNOWN_VULNERABILITY,B0_no_gate|S1_existence|S1S2_version|S1S2S3_direct_evidence|S1S2S3_plus_license|B3_full_guard
dekatz/attendance-tracker#1::requirements.txt::pillow::version_change,dekatz/attendance-tracker,devin,pillow,12.2.0,P3_DIRECT_KNOWN_VULNERABILITY,B0_no_gate|B1_scanner_fail_open|B1b_scanner_fail_closed|S1_existence|S1S2_version
Vaishnavi-D-Github/FIR-Crime-Detection#1::requirements.txt::flask::add,Vaishnavi-D-Github/FIR-Crime-Detection,devin,flask,3.1.1,P3_DIRECT_KNOWN_VULNERABILITY,B0_no_gate|S1_existence|S1S2_version|S1S2S3_direct_evidence|S1S2S3_plus_license|B3_full_guard
nikitahotkolesnikov2022-cmd/voice-to-text-bot#1::requirements.txt::python-dotenv::add,nikitahotkolesnikov2022-cmd/voice-to-text-bot,devin,python-dotenv,1.0.1,P3_DIRECT_KNOWN_VULNERABILITY,B0_no_gate|S1_existence|S1S2_version|S1S2S3_direct_evidence|S1S2S3_plus_license|B3_full_guard
amirhashmilive/LOKI-Windows-Agent#2::requirements.txt::pillow::add,amirhashmilive/LOKI-Windows-Agent,devin,Pillow,10.2.0,P3_DIRECT_KNOWN_VULNERABILITY,B0_no_gate|S1_existence|S1S2_version
Cognition-Partner-Workshops/otterworks#324::services/search-service/requirements.txt::urllib3::version_change,Cognition-Partner-Workshops/otterworks,devin,urllib3,1.26.17,P3_DIRECT_KNOWN_VULNERABILITY,B0_no_gate|S1_existence|S1S2_version
Itsmesrinu/AI-POWERED-MEDICARE-CHATBOT#2::requirements.txt::langchain::version_change,Itsmesrinu/AI-POWERED-MEDICARE-CHATBOT,devin,langchain,0.3.30,P3_DIRECT_KNOWN_VULNERABILITY,B0_no_gate|S1_existence|S1S2_version
Itsmesrinu/AI-POWERED-MEDICARE-CHATBOT#2::requirements.txt::langchain-openai::add,Itsmesrinu/AI-POWERED-MEDICARE-CHATBOT,devin,langchain-openai,0.3.35,P3_DIRECT_KNOWN_VULNERABILITY,B0_no_gate|S1_existence|S1S2_version
Itsmesrinu/AI-POWERED-MEDICARE-CHATBOT#2::requirements.txt::langchain-text-splitters::version_change,Itsmesrinu/AI-POWERED-MEDICARE-CHATBOT,devin,langchain-text-splitters,0.3.11,P3_DIRECT_KNOWN_VULNERABILITY,B0_no_gate|S1_existence|S1S2_version
sapnak617/Hackathon_InnoBors#2::requirements.txt::streamlit::add,sapnak617/Hackathon_InnoBors,devin,streamlit,1.43.2,P3_DIRECT_KNOWN_VULNERABILITY,B0_no_gate|S1_existence|S1S2_version|S1S2S3_direct_evidence|S1S2S3_plus_license|B3_full_guard
sapnak617/Hackathon_InnoBors#2::requirements.txt::nltk::add,sapnak617/Hackathon_InnoBors,devin,nltk,3.9.1,P3_DIRECT_KNOWN_VULNERABILITY,B0_no_gate|S1_existence|S1S2_version
cmangone8520/appSecPeerReviewer#1::requirements-extra.txt::requests::add,cmangone8520/appSecPeerReviewer,devin,requests,2.19.0,P3_DIRECT_KNOWN_VULNERABILITY,B0_no_gate|S1_existence|S1S2_version
cmangone8520/appSecPeerReviewer#1::requirements-extra.txt::jinja2::add,cmangone8520/appSecPeerReviewer,devin,jinja2,2.10,P3_DIRECT_KNOWN_VULNERABILITY,B0_no_gate|S1_existence|S1S2_version
cmangone8520/appSecPeerReviewer#1::requirements-extra.txt::pyyaml::add,cmangone8520/appSecPeerReviewer,devin,pyyaml,5.3,P3_DIRECT_KNOWN_VULNERABILITY,B0_no_gate|S1_existence|S1S2_version
Cognition-Devin-Workshop-temp/timesheet-app#79::ml/requirements.txt::scikit-learn::add,Cognition-Devin-Workshop-temp/timesheet-app,devin,scikit-learn,1.4.2,P3_DIRECT_KNOWN_VULNERABILITY,B0_no_gate|S1_existence|S1S2_version
Cognition-Devin-Workshop-temp/timesheet-app#79::ml/requirements.txt::flask::add,Cognition-Devin-Workshop-temp/timesheet-app,devin,flask,3.0.3,P3_DIRECT_KNOWN_VULNERABILITY,B0_no_gate|S1_existence|S1S2_version|S1S2S3_direct_evidence|S1S2S3_plus_license|B3_full_guard
telanganareporterbot/telanganareporters#8::keygenius-pro/backend/requirements.txt::lxml::add,telanganareporterbot/telanganareporters,devin,lxml,5.3.0,P3_DIRECT_KNOWN_VULNERABILITY,B0_no_gate|S1_existence|S1S2_version
telanganareporterbot/telanganareporters#8::keygenius-pro/backend/requirements.txt::python-multipart::add,telanganareporterbot/telanganareporters,devin,python-multipart,0.0.20,P3_DIRECT_KNOWN_VULNERABILITY,B0_no_gate|S1_existence|S1S2_version
JPL-Devin/venue-agent#1::requirements.txt::pytest::add,JPL-Devin/venue-agent,devin,pytest,9.0.2,P3_DIRECT_KNOWN_VULNERABILITY,B0_no_gate|S1_existence|S1S2_version|S1S2S3_direct_evidence|S1S2S3_plus_license|B3_full_guard
LuaxY/superset#16::requirements/base.txt::cryptography::version_change,LuaxY/superset,devin,cryptography,48.0.0,P3_DIRECT_KNOWN_VULNERABILITY,B0_no_gate|B1_scanner_fail_open|B1b_scanner_fail_closed|S1_existence|S1S2_version
LuaxY/superset#16::requirements/development.txt::cryptography::version_change,LuaxY/superset,devin,cryptography,48.0.0,P3_DIRECT_KNOWN_VULNERABILITY,B0_no_gate|B1_scanner_fail_open|B1b_scanner_fail_closed|S1_existence|S1S2_version
tadashi0713/superset#1::requirements/base.txt::paramiko::version_change,tadashi0713/superset,devin,paramiko,5.0.0,P3_DIRECT_KNOWN_VULNERABILITY,B0_no_gate|B1_scanner_fail_open|B1b_scanner_fail_closed|S1_existence|S1S2_version|S1S2S3_direct_evidence
tadashi0713/superset#1::requirements/development.txt::paramiko::version_change,tadashi0713/superset,devin,paramiko,5.0.0,P3_DIRECT_KNOWN_VULNERABILITY,B0_no_gate|B1_scanner_fail_open|B1b_scanner_fail_closed|S1_existence|S1S2_version|S1S2S3_direct_evidence
heintztyler/superset-for-cog#9::requirements/base.txt::paramiko::version_change,heintztyler/superset-for-cog,devin,paramiko,5.0.0,P3_DIRECT_KNOWN_VULNERABILITY,B0_no_gate|B1_scanner_fail_open|B1b_scanner_fail_closed|S1_existence|S1S2_version|S1S2S3_direct_evidence
heintztyler/superset-for-cog#9::requirements/development.txt::paramiko::version_change,heintztyler/superset-for-cog,devin,paramiko,5.0.0,P3_DIRECT_KNOWN_VULNERABILITY,B0_no_gate|B1_scanner_fail_open|B1b_scanner_fail_closed|S1_existence|S1S2_version|S1S2S3_direct_evidence
Abhijit85/superset#47::requirements/base.txt::paramiko::version_change,Abhijit85/superset,devin,paramiko,5.0.0,P3_DIRECT_KNOWN_VULNERABILITY,B0_no_gate|B1_scanner_fail_open|B1b_scanner_fail_closed|S1_existence|S1S2_version|S1S2S3_direct_evidence
Abhijit85/superset#47::requirements/development.txt::paramiko::version_change,Abhijit85/superset,devin,paramiko,5.0.0,P3_DIRECT_KNOWN_VULNERABILITY,B0_no_gate|B1_scanner_fail_open|B1b_scanner_fail_closed|S1_existence|S1S2_version|S1S2S3_direct_evidence
ai4ai/superset#17::requirements/base.txt::paramiko::version_change,ai4ai/superset,devin,paramiko,5.0.0,P3_DIRECT_KNOWN_VULNERABILITY,B0_no_gate|B1_scanner_fail_open|B1b_scanner_fail_closed|S1_existence|S1S2_version|S1S2S3_direct_evidence
ai4ai/superset#17::requirements/development.txt::paramiko::version_change,ai4ai/superset,devin,paramiko,5.0.0,P3_DIRECT_KNOWN_VULNERABILITY,B0_no_gate|B1_scanner_fail_open|B1b_scanner_fail_closed|S1_existence|S1S2_version|S1S2S3_direct_evidence
blue-eagle/devin_take_home_project#19::requirements/base.txt::idna::version_change,blue-eagle/devin_take_home_project,devin,idna,3.16,P2_INVALID_VERSION_SPEC,B0_no_gate|B1_scanner_fail_open|B1b_scanner_fail_closed|S1_existence
blue-eagle/devin_take_home_project#19::requirements/base.txt::paramiko::version_change,blue-eagle/devin_take_home_project,devin,paramiko,5.0.0,P3_DIRECT_KNOWN_VULNERABILITY,B0_no_gate|B1_scanner_fail_open|B1b_scanner_fail_closed|S1_existence|S1S2_version|S1S2S3_direct_evidence
blue-eagle/devin_take_home_project#19::requirements/base.txt::pyjwt::version_change,blue-eagle/devin_take_home_project,devin,pyjwt,2.13.0,P2_INVALID_VERSION_SPEC,B0_no_gate|B1_scanner_fail_open|B1b_scanner_fail_closed|S1_existence
blue-eagle/devin_take_home_project#19::requirements/development.txt::idna::version_change,blue-eagle/devin_take_home_project,devin,idna,3.16,P2_INVALID_VERSION_SPEC,B0_no_gate|B1_scanner_fail_open|B1b_scanner_fail_closed|S1_existence
blue-eagle/devin_take_home_project#19::requirements/development.txt::paramiko::version_change,blue-eagle/devin_take_home_project,devin,paramiko,5.0.0,P3_DIRECT_KNOWN_VULNERABILITY,B0_no_gate|B1_scanner_fail_open|B1b_scanner_fail_closed|S1_existence|S1S2_version|S1S2S3_direct_evidence
blue-eagle/devin_take_home_project#19::requirements/development.txt::pyjwt::version_change,blue-eagle/devin_take_home_project,devin,pyjwt,2.13.0,P2_INVALID_VERSION_SPEC,B0_no_gate|B1_scanner_fail_open|B1b_scanner_fail_closed|S1_existence
vrnwal/superset#7::requirements/base.txt::cryptography::version_change,vrnwal/superset,devin,cryptography,48.0.0,P3_DIRECT_KNOWN_VULNERABILITY,B0_no_gate|B1_scanner_fail_open|B1b_scanner_fail_closed|S1_existence|S1S2_version
vrnwal/superset#7::requirements/development.txt::cryptography::version_change,vrnwal/superset,devin,cryptography,48.0.0,P3_DIRECT_KNOWN_VULNERABILITY,B0_no_gate|B1_scanner_fail_open|B1b_scanner_fail_closed|S1_existence|S1S2_version
vaniachow/superset#108::requirements/base.txt::paramiko::version_change,vaniachow/superset,devin,paramiko,5.0.0,P3_DIRECT_KNOWN_VULNERABILITY,B0_no_gate|B1_scanner_fail_open|B1b_scanner_fail_closed|S1_existence|S1S2_version|S1S2S3_direct_evidence
vaniachow/superset#108::requirements/development.txt::paramiko::version_change,vaniachow/superset,devin,paramiko,5.0.0,P3_DIRECT_KNOWN_VULNERABILITY,B0_no_gate|B1_scanner_fail_open|B1b_scanner_fail_closed|S1_existence|S1S2_version|S1S2S3_direct_evidence
minatoplanb/superset#10::requirements/base.txt::flask::version_change,minatoplanb/superset,devin,flask,2.3.4,P2_INVALID_VERSION_SPEC,B0_no_gate|B1_scanner_fail_open|S1_existence
minatoplanb/superset#10::requirements/development.txt::flask::version_change,minatoplanb/superset,devin,flask,2.3.4,P2_INVALID_VERSION_SPEC,B0_no_gate|B1_scanner_fail_open|S1_existence
annagibaeva/Superset--Devin#12::requirements/base.txt::cryptography::version_change,annagibaeva/Superset--Devin,devin,cryptography,48.0.0,P3_DIRECT_KNOWN_VULNERABILITY,B0_no_gate|B1_scanner_fail_open|B1b_scanner_fail_closed|S1_existence|S1S2_version
annagibaeva/Superset--Devin#12::requirements/development.txt::cryptography::version_change,annagibaeva/Superset--Devin,devin,cryptography,48.0.0,P3_DIRECT_KNOWN_VULNERABILITY,B0_no_gate|B1_scanner_fail_open|B1b_scanner_fail_closed|S1_existence|S1S2_version
leeadh/superset#19::requirements/base.txt::cryptography::version_change,leeadh/superset,devin,cryptography,48.0.0,P3_DIRECT_KNOWN_VULNERABILITY,B0_no_gate|B1_scanner_fail_open|B1b_scanner_fail_closed|S1_existence|S1S2_version
leeadh/superset#19::requirements/development.txt::cryptography::version_change,leeadh/superset,devin,cryptography,48.0.0,P3_DIRECT_KNOWN_VULNERABILITY,B0_no_gate|B1_scanner_fail_open|B1b_scanner_fail_closed|S1_existence|S1S2_version
Sahanawit/superset#5::requirements/base.txt::cryptography::version_change,Sahanawit/superset,devin,cryptography,48.0.0,P3_DIRECT_KNOWN_VULNERABILITY,B0_no_gate|B1_scanner_fail_open|B1b_scanner_fail_closed|S1_existence|S1S2_version
Sahanawit/superset#5::requirements/development.txt::cryptography::version_change,Sahanawit/superset,devin,cryptography,48.0.0,P3_DIRECT_KNOWN_VULNERABILITY,B0_no_gate|B1_scanner_fail_open|B1b_scanner_fail_closed|S1_existence|S1S2_version
LuaxY/superset#14::requirements/base.txt::cryptography::version_change,LuaxY/superset,devin,cryptography,48.0.0,P3_DIRECT_KNOWN_VULNERABILITY,B0_no_gate|B1_scanner_fail_open|B1b_scanner_fail_closed|S1_existence|S1S2_version
LuaxY/superset#14::requirements/base.txt::paramiko::version_change,LuaxY/superset,devin,paramiko,5.0.0,P3_DIRECT_KNOWN_VULNERABILITY,B0_no_gate|B1_scanner_fail_open|B1b_scanner_fail_closed|S1_existence|S1S2_version|S1S2S3_direct_evidence
LuaxY/superset#14::requirements/development.txt::cryptography::version_change,LuaxY/superset,devin,cryptography,48.0.0,P3_DIRECT_KNOWN_VULNERABILITY,B0_no_gate|B1_scanner_fail_open|B1b_scanner_fail_closed|S1_existence|S1S2_version
LuaxY/superset#14::requirements/development.txt::paramiko::version_change,LuaxY/superset,devin,paramiko,5.0.0,P3_DIRECT_KNOWN_VULNERABILITY,B0_no_gate|B1_scanner_fail_open|B1b_scanner_fail_closed|S1_existence|S1S2_version|S1S2S3_direct_evidence
Samikshapatil2511/schneider-aws-nyc-ass#1::requirements.txt::pyspark::add,Samikshapatil2511/schneider-aws-nyc-ass,devin,pyspark,3.4.1,P3_DIRECT_KNOWN_VULNERABILITY,B0_no_gate|B1_scanner_fail_open|S1_existence|S1S2_version
Samikshapatil2511/schneider-aws-nyc-ass#1::requirements.txt::pyarrow::add,Samikshapatil2511/schneider-aws-nyc-ass,devin,pyarrow,14.0.2,P3_DIRECT_KNOWN_VULNERABILITY,B0_no_gate|S1_existence|S1S2_version
Samikshapatil2511/schneider-aws-nyc-ass#1::requirements.txt::pytest::add,Samikshapatil2511/schneider-aws-nyc-ass,devin,pytest,7.4.3,P3_DIRECT_KNOWN_VULNERABILITY,B0_no_gate|S1_existence|S1S2_version|S1S2S3_direct_evidence|S1S2S3_plus_license|B3_full_guard
Samikshapatil2511/schneider-aws-nyc-ass#1::requirements.txt::python-dotenv::add,Samikshapatil2511/schneider-aws-nyc-ass,devin,python-dotenv,1.0.0,P3_DIRECT_KNOWN_VULNERABILITY,B0_no_gate|S1_existence|S1S2_version|S1S2S3_direct_evidence|S1S2S3_plus_license|B3_full_guard
Samikshapatil2511/schneider-aws-nyc-ass#1::requirements.txt::requests::add,Samikshapatil2511/schneider-aws-nyc-ass,devin,requests,2.31.0,P3_DIRECT_KNOWN_VULNERABILITY,B0_no_gate|S1_existence|S1S2_version|S1S2S3_direct_evidence|S1S2S3_plus_license|B3_full_guard
Samikshapatil2511/schneider-aws-nyc-ass#1::requirements.txt::black::add,Samikshapatil2511/schneider-aws-nyc-ass,devin,black,23.11.0,P3_DIRECT_KNOWN_VULNERABILITY,B0_no_gate|S1_existence|S1S2_version
Samikshapatil2511/schneider-aws-nyc-ass#4::requirements.txt::pyspark::add,Samikshapatil2511/schneider-aws-nyc-ass,devin,pyspark,3.4.1,P3_DIRECT_KNOWN_VULNERABILITY,B0_no_gate|B1_scanner_fail_open|S1_existence|S1S2_version
Samikshapatil2511/schneider-aws-nyc-ass#4::requirements.txt::pyarrow::add,Samikshapatil2511/schneider-aws-nyc-ass,devin,pyarrow,14.0.2,P3_DIRECT_KNOWN_VULNERABILITY,B0_no_gate|S1_existence|S1S2_version
Samikshapatil2511/schneider-aws-nyc-ass#4::requirements.txt::pytest::add,Samikshapatil2511/schneider-aws-nyc-ass,devin,pytest,7.4.3,P3_DIRECT_KNOWN_VULNERABILITY,B0_no_gate|S1_existence|S1S2_version|S1S2S3_direct_evidence|S1S2S3_plus_license|B3_full_guard
Samikshapatil2511/schneider-aws-nyc-ass#4::requirements.txt::python-dotenv::add,Samikshapatil2511/schneider-aws-nyc-ass,devin,python-dotenv,1.0.0,P3_DIRECT_KNOWN_VULNERABILITY,B0_no_gate|S1_existence|S1S2_version|S1S2S3_direct_evidence|S1S2S3_plus_license|B3_full_guard
Samikshapatil2511/schneider-aws-nyc-ass#4::requirements.txt::requests::add,Samikshapatil2511/schneider-aws-nyc-ass,devin,requests,2.31.0,P3_DIRECT_KNOWN_VULNERABILITY,B0_no_gate|S1_existence|S1S2_version|S1S2S3_direct_evidence|S1S2S3_plus_license|B3_full_guard
Samikshapatil2511/schneider-aws-nyc-ass#4::requirements.txt::black::add,Samikshapatil2511/schneider-aws-nyc-ass,devin,black,23.11.0,P3_DIRECT_KNOWN_VULNERABILITY,B0_no_gate|S1_existence|S1S2_version
Xandresx1/Automatizacion-De-Reportes-Python-Flask#2::requirements.txt::pillow::version_change,Xandresx1/Automatizacion-De-Reportes-Python-Flask,devin,Pillow,12.2.0,P3_DIRECT_KNOWN_VULNERABILITY,B0_no_gate|B1_scanner_fail_open|B1b_scanner_fail_closed|S1_existence|S1S2_version
COG-GTM/USArmy-ARL-Active-Defense-Framework#3::requirements.txt::ipy::add,COG-GTM/USArmy-ARL-Active-Defense-Framework,devin,IPy,1.1,P2_INVALID_VERSION_SPEC,B0_no_gate|B1_scanner_fail_open|B1b_scanner_fail_closed|S1_existence|S1S2_version|S1S2S3_direct_evidence|S1S2S3_plus_license|B3_full_guard
coutcastt/TCGA#1::requirements-lock.txt::aiohttp::add,coutcastt/TCGA,devin,aiohttp,3.11.16,P3_DIRECT_KNOWN_VULNERABILITY,B0_no_gate|S1_existence|S1S2_version
coutcastt/TCGA#1::requirements-lock.txt::pillow::add,coutcastt/TCGA,devin,pillow,12.1.1,P3_DIRECT_KNOWN_VULNERABILITY,B0_no_gate|S1_existence|S1S2_version
harryroger798/Test#108::wpvault/requirements.txt::jinja2::add,harryroger798/Test,devin,jinja2,3.1.5,P3_DIRECT_KNOWN_VULNERABILITY,B0_no_gate|S1_existence|S1S2_version|S1S2S3_direct_evidence|S1S2S3_plus_license|B3_full_guard
harryroger798/Test#108::wpvault/requirements.txt::requests::add,harryroger798/Test,devin,requests,2.32.3,P3_DIRECT_KNOWN_VULNERABILITY,B0_no_gate|S1_existence|S1S2_version|S1S2S3_direct_evidence|S1S2S3_plus_license|B3_full_guard
MarcusFunt/Local-AI-API#1::requirements.txt::python-dotenv::add,MarcusFunt/Local-AI-API,aider,python-dotenv,1.0.1,P3_DIRECT_KNOWN_VULNERABILITY,B0_no_gate|S1_existence|S1S2_version|S1S2S3_direct_evidence|S1S2S3_plus_license|B3_full_guard
MarcusFunt/Local-AI-API#1::requirements.txt::pytest::add,MarcusFunt/Local-AI-API,aider,pytest,8.3.3,P3_DIRECT_KNOWN_VULNERABILITY,B0_no_gate|S1_existence|S1S2_version|S1S2S3_direct_evidence|S1S2S3_plus_license|B3_full_guard
cicero-im/open-webui-2#38::pipelines/requirements-openwebui-pipelines.txt::requests::add,cicero-im/open-webui-2,aider,requests,2.32.4,P2_INVALID_VERSION_SPEC,B0_no_gate|S1_existence
cicero-im/open-webui-2#38::pipelines/requirements-openwebui-pipelines.txt::openai::add,cicero-im/open-webui-2,aider,openai,1.87.0,P2_INVALID_VERSION_SPEC,B0_no_gate|B1_scanner_fail_open|B1b_scanner_fail_closed|S1_existence
JasonDoug/Trendit#17::backend/requirements.txt::pyjwt::add,JasonDoug/Trendit,aider,PyJWT,2.9.0,P3_DIRECT_KNOWN_VULNERABILITY,B0_no_gate|S1_existence|S1S2_version
JasonDoug/Trendit#17::backend/requirements.txt::python-multipart::add,JasonDoug/Trendit,aider,python-multipart,0.0.9,P3_DIRECT_KNOWN_VULNERABILITY,B0_no_gate|S1_existence|S1S2_version
jag-k/pydantic-settings-export#22::pyproject.toml::text-region-parser::add,jag-k/pydantic-settings-export,aider,text-region-parser,,P1_NONEXISTENT_PACKAGE,B0_no_gate|B1_scanner_fail_open|B1b_scanner_fail_closed
bacalhau-project/andaime#22::requirements.txt::aider-chat::version_change,bacalhau-project/andaime,aider,aider-chat,0.65.0,P2_INVALID_VERSION_SPEC,B0_no_gate|B1_scanner_fail_open|S1_existence
bacalhau-project/andaime#22::requirements.txt::grep-ast::version_change,bacalhau-project/andaime,aider,grep-ast,0.4.0,P2_INVALID_VERSION_SPEC,B0_no_gate|B1_scanner_fail_open|B1b_scanner_fail_closed|S1_existence
bacalhau-project/andaime#22::requirements.txt::litellm::version_change,bacalhau-project/andaime,aider,litellm,1.52.16,P2_INVALID_VERSION_SPEC,B0_no_gate|S1_existence
bacalhau-project/andaime#22::requirements.txt::openai::version_change,bacalhau-project/andaime,aider,openai,1.55.1,P2_INVALID_VERSION_SPEC,B0_no_gate|B1_scanner_fail_open|B1b_scanner_fail_closed|S1_existence
bacalhau-project/andaime#22::requirements.txt::posthog::add,bacalhau-project/andaime,aider,posthog,3.7.3,P2_INVALID_VERSION_SPEC,B0_no_gate|B1_scanner_fail_open|B1b_scanner_fail_closed|S1_existence
bacalhau-project/andaime#22::requirements.txt::pydantic::version_change,bacalhau-project/andaime,aider,pydantic,2.10.2,P2_INVALID_VERSION_SPEC,B0_no_gate|B1_scanner_fail_open|B1b_scanner_fail_closed|S1_existence
unitaryai/osmia#4::examples/plugins/example-jira-python/pyproject.toml::osmia-plugin-sdk::add,unitaryai/osmia,aider,osmia-plugin-sdk,,P1_NONEXISTENT_PACKAGE,B0_no_gate|B1_scanner_fail_open
bb-connor/arc#669::sdks/python/chio-langgraph/pyproject.toml::chio-adapter-base::add,bb-connor/arc,cursor,chio-adapter-base,,P1_NONEXISTENT_PACKAGE,B0_no_gate|B1_scanner_fail_open
bb-connor/arc#667::sdks/python/chio-ray/pyproject.toml::chio-adapter-base::add,bb-connor/arc,cursor,chio-adapter-base,,P1_NONEXISTENT_PACKAGE,B0_no_gate|B1_scanner_fail_open
bb-connor/arc#668::sdks/python/chio-temporal/pyproject.toml::chio-adapter-base::add,bb-connor/arc,cursor,chio-adapter-base,,P1_NONEXISTENT_PACKAGE,B0_no_gate|B1_scanner_fail_open
bb-connor/arc#666::sdks/python/chio-airflow/pyproject.toml::chio-adapter-base::add,bb-connor/arc,cursor,chio-adapter-base,,P1_NONEXISTENT_PACKAGE,B0_no_gate|B1_scanner_fail_open
trask/semantic-conventions-genai-orig#28::reference/scenarios/anthropic/pyproject.toml::anthropic::version_change,trask/semantic-conventions-genai-orig,codex,anthropic,0.98.1,P2_INVALID_VERSION_SPEC,B0_no_gate|B1_scanner_fail_open|B1b_scanner_fail_closed|S1_existence
trask/semantic-conventions-genai-orig#28::reference/scenarios/aws-bedrock-agent/pyproject.toml::boto3::version_change,trask/semantic-conventions-genai-orig,codex,boto3,1.43.3,P2_INVALID_VERSION_SPEC,B0_no_gate|B1_scanner_fail_open|B1b_scanner_fail_closed|S1_existence
trask/semantic-conventions-genai-orig#28::reference/scenarios/aws-bedrock/pyproject.toml::boto3::version_change,trask/semantic-conventions-genai-orig,codex,boto3,1.43.3,P2_INVALID_VERSION_SPEC,B0_no_gate|B1_scanner_fail_open|B1b_scanner_fail_closed|S1_existence
trask/semantic-conventions-genai-orig#28::reference/scenarios/azure-openai/pyproject.toml::openai::version_change,trask/semantic-conventions-genai-orig,codex,openai,2.34.0,P2_INVALID_VERSION_SPEC,B0_no_gate|B1_scanner_fail_open|B1b_scanner_fail_closed|S1_existence
trask/semantic-conventions-genai-orig#28::reference/scenarios/claude-agent-sdk/pyproject.toml::claude-agent-sdk::version_change,trask/semantic-conventions-genai-orig,codex,claude-agent-sdk,0.1.73,P2_INVALID_VERSION_SPEC,B0_no_gate|B1_scanner_fail_open|B1b_scanner_fail_closed|S1_existence
trask/semantic-conventions-genai-orig#28::reference/scenarios/crewai/pyproject.toml::crewai::version_change,trask/semantic-conventions-genai-orig,codex,crewai,1.14.4,P2_INVALID_VERSION_SPEC,B0_no_gate|B1_scanner_fail_open|S1_existence
trask/semantic-conventions-genai-orig#28::reference/scenarios/deepeval/pyproject.toml::langchain::version_change,trask/semantic-conventions-genai-orig,codex,langchain,1.2.17,P2_INVALID_VERSION_SPEC,B0_no_gate|B1_scanner_fail_open|B1b_scanner_fail_closed|S1_existence
trask/semantic-conventions-genai-orig#28::reference/scenarios/deepeval/pyproject.toml::openai::version_change,trask/semantic-conventions-genai-orig,codex,openai,2.34.0,P2_INVALID_VERSION_SPEC,B0_no_gate|B1_scanner_fail_open|B1b_scanner_fail_closed|S1_existence
trask/semantic-conventions-genai-orig#28::reference/scenarios/google-adk/pyproject.toml::google-adk::version_change,trask/semantic-conventions-genai-orig,codex,google-adk,1.32.0,P2_INVALID_VERSION_SPEC,B0_no_gate|B1_scanner_fail_open|S1_existence
trask/semantic-conventions-genai-orig#28::reference/scenarios/google-adk/pyproject.toml::google-genai::version_change,trask/semantic-conventions-genai-orig,codex,google-genai,1.75.0,P2_INVALID_VERSION_SPEC,B0_no_gate|B1_scanner_fail_open|B1b_scanner_fail_closed|S1_existence
trask/semantic-conventions-genai-orig#28::reference/scenarios/google-genai/pyproject.toml::google-genai::version_change,trask/semantic-conventions-genai-orig,codex,google-genai,1.75.0,P2_INVALID_VERSION_SPEC,B0_no_gate|B1_scanner_fail_open|B1b_scanner_fail_closed|S1_existence
trask/semantic-conventions-genai-orig#28::reference/scenarios/instructor/pyproject.toml::openai::version_change,trask/semantic-conventions-genai-orig,codex,openai,2.34.0,P2_INVALID_VERSION_SPEC,B0_no_gate|B1_scanner_fail_open|B1b_scanner_fail_closed|S1_existence
trask/semantic-conventions-genai-orig#28::reference/scenarios/langchain/pyproject.toml::langchain::version_change,trask/semantic-conventions-genai-orig,codex,langchain,1.2.17,P2_INVALID_VERSION_SPEC,B0_no_gate|B1_scanner_fail_open|B1b_scanner_fail_closed|S1_existence
trask/semantic-conventions-genai-orig#28::reference/scenarios/langchain/pyproject.toml::openai::version_change,trask/semantic-conventions-genai-orig,codex,openai,2.34.0,P2_INVALID_VERSION_SPEC,B0_no_gate|B1_scanner_fail_open|B1b_scanner_fail_closed|S1_existence
trask/semantic-conventions-genai-orig#28::reference/scenarios/mistralai/pyproject.toml::mistralai::version_change,trask/semantic-conventions-genai-orig,codex,mistralai,2.4.4,P2_INVALID_VERSION_SPEC,B0_no_gate|B1_scanner_fail_open|B1b_scanner_fail_closed|S1_existence
trask/semantic-conventions-genai-orig#28::reference/scenarios/openai-agents/pyproject.toml::openai::version_change,trask/semantic-conventions-genai-orig,codex,openai,2.34.0,P2_INVALID_VERSION_SPEC,B0_no_gate|B1_scanner_fail_open|B1b_scanner_fail_closed|S1_existence
trask/semantic-conventions-genai-orig#28::reference/scenarios/openai-agents/pyproject.toml::openai-agents::version_change,trask/semantic-conventions-genai-orig,codex,openai-agents,0.15.1,P2_INVALID_VERSION_SPEC,B0_no_gate|B1_scanner_fail_open|B1b_scanner_fail_closed|S1_existence
trask/semantic-conventions-genai-orig#28::reference/scenarios/openai-assistants/pyproject.toml::openai::version_change,trask/semantic-conventions-genai-orig,codex,openai,2.34.0,P2_INVALID_VERSION_SPEC,B0_no_gate|B1_scanner_fail_open|B1b_scanner_fail_closed|S1_existence
trask/semantic-conventions-genai-orig#28::reference/scenarios/openai/pyproject.toml::openai::version_change,trask/semantic-conventions-genai-orig,codex,openai,2.34.0,P2_INVALID_VERSION_SPEC,B0_no_gate|B1_scanner_fail_open|B1b_scanner_fail_closed|S1_existence
trask/semantic-conventions-genai-orig#28::reference/scenarios/pydantic-ai/pyproject.toml::pydantic-ai-slim::version_change,trask/semantic-conventions-genai-orig,codex,pydantic-ai-slim,1.90.0,P2_INVALID_VERSION_SPEC,B0_no_gate|B1_scanner_fail_open|B1b_scanner_fail_closed|S1_existence
