url,agent,created_at,n_deps,guard_category,category,has_runtime_add,has_runtime_mod,has_dev_add,has_optional_add,has_metadata_only
https://github.com/Quitcode-Dev/project-automatron-vmark/pull/1,aider,2026-05-12,1,gap_only,new_runtime_dep,True,False,False,False,False
https://github.com/jnavarro7/netlist-parser/pull/1,aider,2026-05-05,1,gap_only,new_runtime_dep,True,False,False,False,False
https://github.com/lnlockly/agentflow-computer-mcp/pull/123,aider,2026-05-28,1,gap_only,new_runtime_dep,True,False,False,False,True
https://github.com/izzoa/unison-mcp-server/pull/4,aider,2026-05-20,0,true_neg,metadata_config_only,False,False,False,False,True
https://github.com/sys1own/build-tool/pull/1,devin,2026-06-02,0,true_neg,new_runtime_dep,True,False,False,False,False
https://github.com/vk4s/aider/pull/9,aider,2025-08-14,24,gap_only,mixed,True,True,False,False,False
https://github.com/akepo225/offline-coding-agent/pull/14,aider,2025-10-14,12,true_neg,mixed,True,True,False,False,False
https://github.com/RYSESEO/DEVIN/pull/1,devin,2026-06-02,10,gap_only,new_runtime_dep,True,False,False,True,True
https://github.com/mohamedredachakir/CcLIVE/pull/5,devin,2026-06-02,2,gap_only,optional_dep_addition,False,False,False,True,True
https://github.com/mohamedredachakir/CcLIVE/pull/2,devin,2026-06-02,7,gap_only,new_runtime_dep,True,False,False,True,True
https://github.com/Hanyang991/Book-Tik-Factory/pull/4,devin,2026-06-02,2,gap_only,new_runtime_dep,True,False,False,False,True
https://github.com/hbro319-lab/nexa/pull/2,devin,2026-06-02,1,gap_only,mixed,True,True,False,False,False
https://github.com/Steel-SecAdv-LLC/AMA-Cryptography/pull/341,devin,2026-06-02,1,gap_only,mixed,True,True,False,False,False
https://github.com/crewAIInc/crewAI/pull/6003,devin,2026-06-02,1,gap_only,mixed,True,True,False,False,True
https://github.com/XingLingQAQ/QQBOT-HF/pull/10,devin,2026-06-02,1,gap_only,new_runtime_dep,True,False,False,False,False
https://github.com/wangfamaimar/MCP-STEM/pull/6,devin,2026-06-02,2,gap_only,mixed,True,True,False,False,False
https://github.com/midnghtsapphire/bar-chart-race-engine/pull/2,devin,2026-06-01,4,gap_only,new_runtime_dep,True,False,False,False,False
https://github.com/katarsis-dev/hypr-agent/pull/11,devin,2026-06-01,0,true_neg,metadata_config_only,False,False,False,False,True
https://github.com/wangfamaimar/MCP-STEM/pull/5,devin,2026-06-01,5,gap_only,optional_dep_addition,False,False,False,True,True
https://github.com/katarsis-dev/hypr-agent/pull/6,devin,2026-06-01,1,gap_only,mixed,True,True,False,False,False
https://github.com/OgabekAI/Sparkle-Step-bot/pull/2,devin,2026-06-01,3,true_neg,existing_dep_update,False,True,False,False,False
https://github.com/botanarede/beddel/pull/3,devin,2026-05-10,0,true_neg,metadata_config_only,False,False,False,False,True
https://github.com/leprachuan/Wee-Orchestrator/pull/152,devin,2026-04-13,0,true_neg,metadata_config_only,False,False,False,False,True
https://github.com/hikhikhook-code/sn-image-screener/pull/2,devin,2026-05-02,2,gap_only,new_runtime_dep,True,False,False,False,True
https://github.com/0neye/Voidwright/pull/6,devin,2026-03-13,0,true_neg,metadata_config_only,False,False,False,False,True
https://github.com/fproldan/erpnext/pull/37,devin,2021-12-06,0,true_neg,metadata_config_only,False,False,False,False,True
https://github.com/FOSSBots/MirahezeBots/pull/243,devin,2020-08-01,13,gap_only,mixed,True,True,False,False,True
https://github.com/GatorCogitate/cogitate_tool/pull/62,devin,2020-03-03,0,true_neg,metadata_config_only,False,False,False,False,True
https://github.com/tarasavage/marvelous-guacamole/pull/1,cursor,2026-05-24,5,gap_only,new_runtime_dep,True,False,False,False,False
https://github.com/yourplane/dev/pull/80,cursor,2026-05-02,0,true_neg,metadata_config_only,False,False,False,False,True
https://github.com/yu-iskw/sqlfluff-complexity/pull/22,cursor,2026-05-03,0,true_neg,metadata_config_only,False,False,False,False,True
https://github.com/shadownet-protocol/shadownet/pull/15,cursor,2026-05-21,0,true_neg,metadata_config_only,False,False,False,False,True
https://github.com/yourplane/dev/pull/79,cursor,2026-05-02,0,true_neg,metadata_config_only,False,False,False,False,True
https://github.com/atiyil/mapquest-geocoder/pull/2,cursor,2026-05-28,1,gap_only,new_runtime_dep,True,False,False,False,True
https://github.com/mycelium-io/mycelium/pull/332,cursor,2026-05-27,0,true_neg,metadata_config_only,False,False,False,False,True
https://github.com/stevencarpenter/hippo/pull/180,cursor,2026-05-25,0,true_neg,metadata_config_only,False,False,False,False,True
https://github.com/IamOw1/4.1.2_dashboard_project-commit-changes/pull/18,cursor,2026-05-30,0,true_neg,new_runtime_dep,True,False,False,False,False
https://github.com/kalanyuz/approve-watch/pull/1,cursor,2026-05-08,5,gap_only,new_runtime_dep,True,False,False,True,True
https://github.com/usik/tamagotchi/pull/8,cursor,2026-04-01,0,true_neg,metadata_config_only,False,False,False,False,True
https://github.com/kazemnezhadsina144-dot/Noetfield/pull/10,cursor,2026-05-29,8,gap_only,new_runtime_dep,True,False,False,False,True
https://github.com/andre-koga/bulk-payments-poc/pull/2,cursor,2026-05-19,8,gap_only,optional_dep_addition,False,False,False,True,True
https://github.com/diazMelgarejo/orama-system/pull/56,cursor,2026-05-27,3,gap_only,mixed,True,True,False,True,True
https://github.com/relighting123/scheduler/pull/17,cursor,2026-05-31,5,true_neg,existing_dep_update,False,True,False,False,False
https://github.com/grinvi04/webhook-service/pull/2,claude-code,2026-06-01,1,gap_only,new_runtime_dep,True,False,False,False,False
https://github.com/ZionCompanyAI/zdailyscan/pull/164,claude-code,2026-06-02,1,gap_only,new_runtime_dep,True,False,False,False,False
https://github.com/amigne/sakn/pull/332,claude-code,2026-06-01,0,true_neg,metadata_config_only,False,False,False,False,True
https://github.com/Yeimaoz/binance-shioaji-sdk/pull/17,claude-code,2026-05-31,0,true_neg,metadata_config_only,False,False,False,False,True
https://github.com/eatbas/symphony-api/pull/3,claude-code,2026-05-30,0,true_neg,new_runtime_dep,True,False,False,False,False
https://github.com/123chuang/AI-PR-Review/pull/8,claude-code,2026-05-29,1,gap_only,new_runtime_dep,True,False,False,False,False
https://github.com/ZionCompanyAI/zdailyscan/pull/140,claude-code,2026-06-01,1,gap_only,new_runtime_dep,True,False,False,False,False
https://github.com/valdomirosouza/Repository-Template/pull/55,claude-code,2026-06-01,0,true_neg,metadata_config_only,False,False,False,False,True
https://github.com/PlateerLab/document-adapter/pull/19,claude-code,2026-06-02,0,true_neg,metadata_config_only,False,False,False,False,True
https://github.com/valdomirosouza/Repository-Template/pull/54,claude-code,2026-06-01,0,true_neg,metadata_config_only,False,False,False,False,True
https://github.com/valdomirosouza/Repository-Template/pull/53,claude-code,2026-06-01,0,true_neg,metadata_config_only,False,False,False,False,True
https://github.com/valdomirosouza/Repository-Template/pull/48,claude-code,2026-06-01,0,true_neg,metadata_config_only,False,False,False,False,True
https://github.com/cdevers/Blue-Pearmain/pull/173,claude-code,2026-05-31,0,true_neg,metadata_config_only,False,False,False,False,True
https://github.com/valdomirosouza/Repository-Template/pull/39,claude-code,2026-06-01,0,true_neg,metadata_config_only,False,False,False,False,True
https://github.com/valdomirosouza/Repository-Template/pull/63,claude-code,2026-06-01,0,true_neg,metadata_config_only,False,False,False,False,True
https://github.com/puffo-ai/puffo-agent/pull/21,codex,2026-05-16,0,true_neg,metadata_config_only,False,False,False,False,True
https://github.com/HansaDR/loco-ai-test/pull/1,codex,2026-03-21,5,gap_only,new_runtime_dep,True,False,False,False,False
https://github.com/HrRodan/agent-workspace-mcp/pull/27,codex,2026-05-09,1,gap_only,mixed,True,True,False,False,True
https://github.com/abramovmarketing88-byte/Avitolog/pull/1,codex,2026-04-20,5,gap_only,new_runtime_dep,True,False,False,False,False
https://github.com/ebibibi/claude-code-discord-bridge/pull/404,codex,2026-05-15,0,true_neg,metadata_config_only,False,False,False,False,True
https://github.com/max-sixty/tend/pull/545,codex,2026-05-16,0,true_neg,metadata_config_only,False,False,False,False,True
https://github.com/jacksonsiow-ai/jackson-ai-system/pull/1,codex,2026-03-14,5,gap_only,new_runtime_dep,True,False,False,False,False
https://github.com/VorobiovD/air/pull/41,codex,2026-04-28,1,gap_only,new_runtime_dep,True,False,False,False,True
https://github.com/ishandutta0098/orion/pull/1,codex,2025-07-30,2,gap_only,mixed,True,True,False,False,False
https://github.com/lotbones1-code/social_agent_codex/pull/60,codex,2025-11-28,1,gap_only,new_runtime_dep,True,False,False,False,False
https://github.com/open-telemetry/opentelemetry-python-genai/pull/73,codex,2026-05-22,1,gap_only,mixed,True,True,False,False,False
https://github.com/trask/semantic-conventions-genai-orig/pull/28,codex,2026-04-29,11,gap_only,mixed,True,True,False,False,True
https://github.com/SimoKiihamaki/autodev/pull/56,codex,2025-12-12,0,true_neg,metadata_config_only,False,False,False,False,True
https://github.com/felipe-parodi/eeg_sync/pull/9,codex,2026-05-14,12,gap_only,optional_dep_addition,False,False,False,True,True
